Id,IndicatorCode,SpatialDimension,SpatialDimensionValueCode,TimeDimension,TimeDim,DisaggregatingDimension1,DisaggregatingDimension1ValueCode,DisaggregatingDimension2,DisaggregatingDimension2ValueCode,DisaggregatingDimension3,DisaggregatingDimension3ValueCode,DataSourceDimension,DataSourceDimensionValueCode,Value,NumericValue,Low,High,Comments,Date,TimeDimensionValue,TimeDimensionBegin,TimeDimensionEnd
28111731,MALARIA_RDT_POS,COUNTRY,AGO,YEAR,2010,,,,,,,,,358 606,358606,,,,2022-02-10T07:52:00Z,2010,2010-01-01,2010-12-31
28111732,MALARIA_RDT_POS,COUNTRY,AGO,YEAR,2011,,,,,,,,,484 809,484809,,,,2022-02-10T07:52:00Z,2011,2011-01-01,2011-12-31
28111733,MALARIA_RDT_POS,COUNTRY,AGO,YEAR,2012,,,,,,,,,440 271,440271,,,,2022-02-10T07:52:00Z,2012,2012-01-01,2012-12-31
28111734,MALARIA_RDT_POS,COUNTRY,AGO,YEAR,2013,,,,,,,,,536 927,536927,,,,2022-02-10T07:52:00Z,2013,2013-01-01,2013-12-31
28111735,MALARIA_RDT_POS,COUNTRY,AGO,YEAR,2014,,,,,,,,,867 666,867666,,,,2022-02-10T07:52:00Z,2014,2014-01-01,2014-12-31
28111736,MALARIA_RDT_POS,COUNTRY,AGO,YEAR,2015,,,,,,,,,1 372 532,1372532,,,,2022-02-10T07:52:00Z,2015,2015-01-01,2015-12-31
28111737,MALARIA_RDT_POS,COUNTRY,AGO,YEAR,2016,,,,,,,,,1 736 125,1736125,,,,2022-02-10T07:52:00Z,2016,2016-01-01,2016-12-31
28111738,MALARIA_RDT_POS,COUNTRY,AGO,YEAR,2017,,,,,,,,,1 675 082,1675082,,,,2022-02-10T07:52:00Z,2017,2017-01-01,2017-12-31
28111739,MALARIA_RDT_POS,COUNTRY,AGO,YEAR,2018,,,,,,,,,2 708 075,2708075,,,,2022-02-10T07:52:00Z,2018,2018-01-01,2018-12-31
28111740,MALARIA_RDT_POS,COUNTRY,AGO,YEAR,2019,,,,,,,,,4 497 593,4497593,,,,2022-02-10T07:52:00Z,2019,2019-01-01,2019-12-31
28111741,MALARIA_RDT_POS,COUNTRY,AGO,YEAR,2020,,,,,,,,,4 239 539,4239539,,,,2022-02-10T07:52:00Z,2020,2020-01-01,2020-12-31
28111742,MALARIA_RDT_POS,COUNTRY,BDI,YEAR,2010,,,,,,,,,163 539,163539,,,,2022-02-10T07:52:00Z,2010,2010-01-01,2010-12-31
28111743,MALARIA_RDT_POS,COUNTRY,BDI,YEAR,2011,,,,,,,,,89 905,89905,,,,2022-02-10T07:52:00Z,2011,2011-01-01,2011-12-31
28111744,MALARIA_RDT_POS,COUNTRY,BDI,YEAR,2012,,,,,,,,,682 014,682014,,,,2022-02-10T07:52:00Z,2012,2012-01-01,2012-12-31
28111745,MALARIA_RDT_POS,COUNTRY,BDI,YEAR,2013,,,,,,,,,1 812 204,1812204,,,,2022-02-10T07:52:00Z,2013,2013-01-01,2013-12-31
28111746,MALARIA_RDT_POS,COUNTRY,BDI,YEAR,2014,,,,,,,,,2 007 908,2007908,,,,2022-02-10T07:52:00Z,2014,2014-01-01,2014-12-31
28111747,MALARIA_RDT_POS,COUNTRY,BDI,YEAR,2015,,,,,,,,,3 463 848,3463848,,,,2022-02-10T07:52:00Z,2015,2015-01-01,2015-12-31
28111748,MALARIA_RDT_POS,COUNTRY,BDI,YEAR,2016,,,,,,,,,6 272 554,6272554,,,,2022-02-10T07:52:00Z,2016,2016-01-01,2016-12-31
28111749,MALARIA_RDT_POS,COUNTRY,BDI,YEAR,2017,,,,,,,,,6 526 121,6526121,,,,2022-02-10T07:52:00Z,2017,2017-01-01,2017-12-31
28111750,MALARIA_RDT_POS,COUNTRY,BDI,YEAR,2018,,,,,,,,,3 818 195,3818195,,,,2022-02-10T07:52:00Z,2018,2018-01-01,2018-12-31
28111751,MALARIA_RDT_POS,COUNTRY,BDI,YEAR,2019,,,,,,,,,8 200 522,8200522,,,,2022-02-10T07:52:00Z,2019,2019-01-01,2019-12-31
28111752,MALARIA_RDT_POS,COUNTRY,BDI,YEAR,2020,,,,,,,,,3 963 662,3963662,,,,2022-02-10T07:52:00Z,2020,2020-01-01,2020-12-31
28111753,MALARIA_RDT_POS,COUNTRY,BEN,YEAR,2011,,,,,,,,,354 223,354223,,,,2022-02-10T07:52:00Z,2011,2011-01-01,2011-12-31
28111754,MALARIA_RDT_POS,COUNTRY,BEN,YEAR,2012,,,,,,,,,705 839,705839,,,,2022-02-10T07:52:00Z,2012,2012-01-01,2012-12-31
28111755,MALARIA_RDT_POS,COUNTRY,BEN,YEAR,2013,,,,,,,,,991 234,991234,,,,2022-02-10T07:52:00Z,2013,2013-01-01,2013-12-31
28111756,MALARIA_RDT_POS,COUNTRY,BEN,YEAR,2014,,,,,,,,,1 200 524,1200524,,,,2022-02-10T07:52:00Z,2014,2014-01-01,2014-12-31
28111757,MALARIA_RDT_POS,COUNTRY,BEN,YEAR,2015,,,,,,,,,1 613 565,1613565,,,,2022-02-10T07:52:00Z,2015,2015-01-01,2015-12-31
28111758,MALARIA_RDT_POS,COUNTRY,BEN,YEAR,2016,,,,,,,,,1 506 189,1506189,,,,2022-02-10T07:52:00Z,2016,2016-01-01,2016-12-31
28111759,MALARIA_RDT_POS,COUNTRY,BEN,YEAR,2017,,,,,,,,,1 725 089,1725089,,,,2022-02-10T07:52:00Z,2017,2017-01-01,2017-12-31
28111760,MALARIA_RDT_POS,COUNTRY,BEN,YEAR,2018,,,,,,,,,1 717 293,1717293,,,,2022-02-10T07:52:00Z,2018,2018-01-01,2018-12-31
28111761,MALARIA_RDT_POS,COUNTRY,BEN,YEAR,2019,,,,,,,,,2 601 360,2601360,,,,2022-02-10T07:52:00Z,2019,2019-01-01,2019-12-31
28111762,MALARIA_RDT_POS,COUNTRY,BEN,YEAR,2020,,,,,,,,,2 273 685,2273685,,,,2022-02-10T07:52:00Z,2020,2020-01-01,2020-12-31
28111763,MALARIA_RDT_POS,COUNTRY,BFA,YEAR,2010,,,,,,,,,715 999,715999,,,,2022-02-10T07:52:00Z,2010,2010-01-01,2010-12-31
28111764,MALARIA_RDT_POS,COUNTRY,BFA,YEAR,2011,,,,,,,,,344 256,344256,,,,2022-02-10T07:52:00Z,2011,2011-01-01,2011-12-31
28111765,MALARIA_RDT_POS,COUNTRY,BFA,YEAR,2012,,,,,,,,,3 767 957,3767957,,,,2022-02-10T07:52:00Z,2012,2012-01-01,2012-12-31
28111766,MALARIA_RDT_POS,COUNTRY,BFA,YEAR,2013,,,,,,,,,3 686 176,3686176,,,,2022-02-10T07:52:00Z,2013,2013-01-01,2013-12-31
28111767,MALARIA_RDT_POS,COUNTRY,BFA,YEAR,2014,,,,,,,,,5 345 396,5345396,,,,2022-02-10T07:52:00Z,2014,2014-01-01,2014-12-31
28111768,MALARIA_RDT_POS,COUNTRY,BFA,YEAR,2015,,,,,,,,,6 922 857,6922857,,,,2022-02-10T07:52:00Z,2015,2015-01-01,2015-12-31
28111769,MALARIA_RDT_POS,COUNTRY,BFA,YEAR,2016,,,,,,,,,9 699 334,9699334,,,,2022-02-10T07:52:00Z,2016,2016-01-01,2016-12-31
28111770,MALARIA_RDT_POS,COUNTRY,BFA,YEAR,2017,,,,,,,,,10 510 849,10510849,,,,2022-02-10T07:52:00Z,2017,2017-01-01,2017-12-31
28111771,MALARIA_RDT_POS,COUNTRY,BFA,YEAR,2018,,,,,,,,,10 221 981,10221981,,,,2022-02-10T07:52:00Z,2018,2018-01-01,2018-12-31
28111772,MALARIA_RDT_POS,COUNTRY,BFA,YEAR,2019,,,,,,,,,5 824 844,5824844,,,,2022-02-10T07:52:00Z,2019,2019-01-01,2019-12-31
28111773,MALARIA_RDT_POS,COUNTRY,BFA,YEAR,2020,,,,,,,,,10 519 323,10519323,,,,2022-02-10T07:52:00Z,2020,2020-01-01,2020-12-31
28111774,MALARIA_RDT_POS,COUNTRY,BWA,YEAR,2012,,,,,,,,,193,193,,,,2022-02-10T07:52:00Z,2012,2012-01-01,2012-12-31
28111775,MALARIA_RDT_POS,COUNTRY,BWA,YEAR,2013,,,,,,,,,456,456,,,,2022-02-10T07:52:00Z,2013,2013-01-01,2013-12-31
28111776,MALARIA_RDT_POS,COUNTRY,BWA,YEAR,2014,,,,,,,,,1 346,1346,,,,2022-02-10T07:52:00Z,2014,2014-01-01,2014-12-31
28111777,MALARIA_RDT_POS,COUNTRY,BWA,YEAR,2015,,,,,,,,,332,332,,,,2022-02-10T07:52:00Z,2015,2015-01-01,2015-12-31
28111778,MALARIA_RDT_POS,COUNTRY,BWA,YEAR,2016,,,,,,,,,723,723,,,,2022-02-10T07:52:01Z,2016,2016-01-01,2016-12-31
28111779,MALARIA_RDT_POS,COUNTRY,BWA,YEAR,2017,,,,,,,,,1 909,1909,,,,2022-02-10T07:52:01Z,2017,2017-01-01,2017-12-31
28111780,MALARIA_RDT_POS,COUNTRY,BWA,YEAR,2018,,,,,,,,,585,585,,,,2022-02-10T07:52:01Z,2018,2018-01-01,2018-12-31
28111781,MALARIA_RDT_POS,COUNTRY,BWA,YEAR,2019,,,,,,,,,272,272,,,,2022-02-10T07:52:01Z,2019,2019-01-01,2019-12-31
28111782,MALARIA_RDT_POS,COUNTRY,BWA,YEAR,2020,,,,,,,,,953,953,,,,2022-02-10T07:52:01Z,2020,2020-01-01,2020-12-31
28111783,MALARIA_RDT_POS,COUNTRY,CAF,YEAR,2012,,,,,,,,,87 566,87566,,,,2022-02-10T07:52:01Z,2012,2012-01-01,2012-12-31
28111784,MALARIA_RDT_POS,COUNTRY,CAF,YEAR,2013,,,,,,,,,126 758,126758,,,,2022-02-10T07:52:01Z,2013,2013-01-01,2013-12-31
28111785,MALARIA_RDT_POS,COUNTRY,CAF,YEAR,2014,,,,,,,,,253 652,253652,,,,2022-02-10T07:52:01Z,2014,2014-01-01,2014-12-31
28111786,MALARIA_RDT_POS,COUNTRY,CAF,YEAR,2015,,,,,,,,,492 309,492309,,,,2022-02-10T07:52:01Z,2015,2015-01-01,2015-12-31
28111787,MALARIA_RDT_POS,COUNTRY,CAF,YEAR,2016,,,,,,,,,1 094 393,1094393,,,,2022-02-10T07:52:01Z,2016,2016-01-01,2016-12-31
28111788,MALARIA_RDT_POS,COUNTRY,CAF,YEAR,2017,,,,,,,,,383 058,383058,,,,2022-02-10T07:52:01Z,2017,2017-01-01,2017-12-31
28111789,MALARIA_RDT_POS,COUNTRY,CAF,YEAR,2018,,,,,,,,,854 852,854852,,,,2022-02-10T07:52:01Z,2018,2018-01-01,2018-12-31
28111790,MALARIA_RDT_POS,COUNTRY,CAF,YEAR,2019,,,,,,,,,2 220 547,2220547,,,,2022-02-10T07:52:01Z,2019,2019-01-01,2019-12-31
28111791,MALARIA_RDT_POS,COUNTRY,CAF,YEAR,2020,,,,,,,,,1 563 228,1563228,,,,2022-02-10T07:52:01Z,2020,2020-01-01,2020-12-31
28111792,MALARIA_RDT_POS,COUNTRY,CIV,YEAR,2012,,,,,,,,,1 033 064,1033064,,,,2022-02-10T07:52:01Z,2012,2012-01-01,2012-12-31
28111793,MALARIA_RDT_POS,COUNTRY,CIV,YEAR,2013,,,,,,,,,2 309 222,2309222,,,,2022-02-10T07:52:01Z,2013,2013-01-01,2013-12-31
28111794,MALARIA_RDT_POS,COUNTRY,CIV,YEAR,2014,,,,,,,,,3 405 905,3405905,,,,2022-02-10T07:52:01Z,2014,2014-01-01,2014-12-31
28111795,MALARIA_RDT_POS,COUNTRY,CIV,YEAR,2015,,,,,,,,,2 897 034,2897034,,,,2022-02-10T07:52:01Z,2015,2015-01-01,2015-12-31
28111796,MALARIA_RDT_POS,COUNTRY,CIV,YEAR,2016,,,,,,,,,3 174 938,3174938,,,,2022-02-10T07:52:01Z,2016,2016-01-01,2016-12-31
28111797,MALARIA_RDT_POS,COUNTRY,CIV,YEAR,2017,,,,,,,,,3 445 812,3445812,,,,2022-02-10T07:52:01Z,2017,2017-01-01,2017-12-31
28111798,MALARIA_RDT_POS,COUNTRY,CIV,YEAR,2018,,,,,,,,,4 070 353,4070353,,,,2022-02-10T07:52:01Z,2018,2018-01-01,2018-12-31
28111799,MALARIA_RDT_POS,COUNTRY,CIV,YEAR,2019,,,,,,,,,5 016 807,5016807,,,,2022-02-10T07:52:01Z,2019,2019-01-01,2019-12-31
28111800,MALARIA_RDT_POS,COUNTRY,CIV,YEAR,2020,,,,,,,,,4 048 013,4048013,,,,2022-02-10T07:52:01Z,2020,2020-01-01,2020-12-31
28111801,MALARIA_RDT_POS,COUNTRY,CMR,YEAR,2011,,,,,,,,,17 874,17874,,,,2022-02-10T07:52:01Z,2011,2011-01-01,2011-12-31
28111802,MALARIA_RDT_POS,COUNTRY,CMR,YEAR,2012,,,,,,,,,66 656,66656,,,,2022-02-10T07:52:01Z,2012,2012-01-01,2012-12-31
28111803,MALARIA_RDT_POS,COUNTRY,CMR,YEAR,2013,,,,,,,,,42 581,42581,,,,2022-02-10T07:52:01Z,2013,2013-01-01,2013-12-31
28111804,MALARIA_RDT_POS,COUNTRY,CMR,YEAR,2015,,,,,,,,,600 930,600930,,,,2022-02-10T07:52:01Z,2015,2015-01-01,2015-12-31
28111805,MALARIA_RDT_POS,COUNTRY,CMR,YEAR,2016,,,,,,,,,1 665 786,1665786,,,,2022-02-10T07:52:01Z,2016,2016-01-01,2016-12-31
28111806,MALARIA_RDT_POS,COUNTRY,CMR,YEAR,2017,,,,,,,,,1 854 658,1854658,,,,2022-02-10T07:52:01Z,2017,2017-01-01,2017-12-31
28111807,MALARIA_RDT_POS,COUNTRY,CMR,YEAR,2018,,,,,,,,,1 828 745,1828745,,,,2022-02-10T07:52:01Z,2018,2018-01-01,2018-12-31
28111808,MALARIA_RDT_POS,COUNTRY,CMR,YEAR,2019,,,,,,,,,1 722 188,1722188,,,,2022-02-10T07:52:01Z,2019,2019-01-01,2019-12-31
28111809,MALARIA_RDT_POS,COUNTRY,CMR,YEAR,2020,,,,,,,,,1 933 546,1933546,,,,2022-02-10T07:52:01Z,2020,2020-01-01,2020-12-31
28111810,MALARIA_RDT_POS,COUNTRY,COD,YEAR,2010,,,,,,,,,42 850,42850,,,,2022-02-10T07:52:01Z,2010,2010-01-01,2010-12-31
28111811,MALARIA_RDT_POS,COUNTRY,COD,YEAR,2011,,,,,,,,,1 861 163,1861163,,,,2022-02-10T07:52:01Z,2011,2011-01-01,2011-12-31
28111812,MALARIA_RDT_POS,COUNTRY,COD,YEAR,2012,,,,,,,,,2 134 734,2134734,,,,2022-02-10T07:52:01Z,2012,2012-01-01,2012-12-31
28111813,MALARIA_RDT_POS,COUNTRY,COD,YEAR,2013,,,,,,,,,4 108 409,4108409,,,,2022-02-10T07:52:01Z,2013,2013-01-01,2013-12-31
28111814,MALARIA_RDT_POS,COUNTRY,COD,YEAR,2014,,,,,,,,,8 161 965,8161965,,,,2022-02-10T07:52:01Z,2014,2014-01-01,2014-12-31
28111815,MALARIA_RDT_POS,COUNTRY,COD,YEAR,2015,,,,,,,,,10 636 165,10636165,,,,2022-02-10T07:52:01Z,2015,2015-01-01,2015-12-31
28111816,MALARIA_RDT_POS,COUNTRY,COD,YEAR,2016,,,,,,,,,14 973 987,14973987,,,,2022-02-10T07:52:01Z,2016,2016-01-01,2016-12-31
28111817,MALARIA_RDT_POS,COUNTRY,COD,YEAR,2017,,,,,,,,,15 501 285,15501285,,,,2022-02-10T07:52:01Z,2017,2017-01-01,2017-12-31
28111818,MALARIA_RDT_POS,COUNTRY,COD,YEAR,2018,,,,,,,,,15 976 630,15976630,,,,2022-02-10T07:52:01Z,2018,2018-01-01,2018-12-31
28111819,MALARIA_RDT_POS,COUNTRY,COD,YEAR,2019,,,,,,,,,20 480 310,20480310,,,,2022-02-10T07:52:01Z,2019,2019-01-01,2019-12-31
28111820,MALARIA_RDT_POS,COUNTRY,COD,YEAR,2020,,,,,,,,,21 376 223,21376223,,,,2022-02-10T07:52:01Z,2020,2020-01-01,2020-12-31
28111821,MALARIA_RDT_POS,COUNTRY,COG,YEAR,2014,,,,,,,,,11 800,11800,,,,2022-02-10T07:52:01Z,2014,2014-01-01,2014-12-31
28111822,MALARIA_RDT_POS,COUNTRY,COG,YEAR,2016,,,,,,,,,37 235,37235,,,,2022-02-10T07:52:01Z,2016,2016-01-01,2016-12-31
28111823,MALARIA_RDT_POS,COUNTRY,COG,YEAR,2020,,,,,,,,,36 190,36190,,,,2022-02-10T07:52:01Z,2020,2020-01-01,2020-12-31
28111824,MALARIA_RDT_POS,COUNTRY,COM,YEAR,2010,,,,,,,,,1 339,1339,,,,2022-02-10T07:52:01Z,2010,2010-01-01,2010-12-31
28111825,MALARIA_RDT_POS,COUNTRY,COM,YEAR,2011,,,,,,,,,2 578,2578,,,,2022-02-10T07:52:01Z,2011,2011-01-01,2011-12-31
28111826,MALARIA_RDT_POS,COUNTRY,COM,YEAR,2012,,,,,,,,,4 333,4333,,,,2022-02-10T07:52:01Z,2012,2012-01-01,2012-12-31
28111827,MALARIA_RDT_POS,COUNTRY,COM,YEAR,2013,,,,,,,,,7 026,7026,,,,2022-02-10T07:52:01Z,2013,2013-01-01,2013-12-31
28111828,MALARIA_RDT_POS,COUNTRY,COM,YEAR,2014,,,,,,,,,216,216,,,,2022-02-10T07:52:01Z,2014,2014-01-01,2014-12-31
28111829,MALARIA_RDT_POS,COUNTRY,COM,YEAR,2015,,,,,,,,,921,921,,,,2022-02-10T07:52:01Z,2015,2015-01-01,2015-12-31
28111830,MALARIA_RDT_POS,COUNTRY,COM,YEAR,2016,,,,,,,,,908,908,,,,2022-02-10T07:52:01Z,2016,2016-01-01,2016-12-31
28111831,MALARIA_RDT_POS,COUNTRY,COM,YEAR,2017,,,,,,,,,2 571,2571,,,,2022-02-10T07:52:01Z,2017,2017-01-01,2017-12-31
28111832,MALARIA_RDT_POS,COUNTRY,COM,YEAR,2018,,,,,,,,,6 416,6416,,,,2022-02-10T07:52:01Z,2018,2018-01-01,2018-12-31
28111833,MALARIA_RDT_POS,COUNTRY,COM,YEAR,2020,,,,,,,,,1 207,1207,,,,2022-02-10T07:52:01Z,2020,2020-01-01,2020-12-31
28111834,MALARIA_RDT_POS,COUNTRY,CPV,YEAR,2011,,,,,,,,,36,36,,,,2022-02-10T07:52:01Z,2011,2011-01-01,2011-12-31
28111835,MALARIA_RDT_POS,COUNTRY,CPV,YEAR,2019,,,,,,,,,40,40,,,,2022-02-10T07:52:01Z,2019,2019-01-01,2019-12-31
28111836,MALARIA_RDT_POS,COUNTRY,CPV,YEAR,2020,,,,,,,,,0,0,,,,2022-02-10T07:52:01Z,2020,2020-01-01,2020-12-31
28111837,MALARIA_RDT_POS,COUNTRY,ERI,YEAR,2010,,,,,,,,,22 088,22088,,,,2022-02-10T07:52:01Z,2010,2010-01-01,2010-12-31
28111838,MALARIA_RDT_POS,COUNTRY,ERI,YEAR,2011,,,,,,,,,19 540,19540,,,,2022-02-10T07:52:01Z,2011,2011-01-01,2011-12-31
28111839,MALARIA_RDT_POS,COUNTRY,ERI,YEAR,2012,,,,,,,,,10 258,10258,,,,2022-02-10T07:52:01Z,2012,2012-01-01,2012-12-31
28111840,MALARIA_RDT_POS,COUNTRY,ERI,YEAR,2013,,,,,,,,,10 427,10427,,,,2022-02-10T07:52:01Z,2013,2013-01-01,2013-12-31
28111841,MALARIA_RDT_POS,COUNTRY,ERI,YEAR,2014,,,,,,,,,39 541,39541,,,,2022-02-10T07:52:01Z,2014,2014-01-01,2014-12-31
28111842,MALARIA_RDT_POS,COUNTRY,ERI,YEAR,2015,,,,,,,,,19 704,19704,,,,2022-02-10T07:52:01Z,2015,2015-01-01,2015-12-31
28111843,MALARIA_RDT_POS,COUNTRY,ERI,YEAR,2017,,,,,,,,,39 486,39486,,,,2022-02-10T07:52:01Z,2017,2017-01-01,2017-12-31
28111844,MALARIA_RDT_POS,COUNTRY,ERI,YEAR,2018,,,,,,,,,36 115,36115,,,,2022-02-10T07:52:01Z,2018,2018-01-01,2018-12-31
28111845,MALARIA_RDT_POS,COUNTRY,ERI,YEAR,2019,,,,,,,,,75 761,75761,,,,2022-02-10T07:52:01Z,2019,2019-01-01,2019-12-31
28111846,MALARIA_RDT_POS,COUNTRY,ERI,YEAR,2020,,,,,,,,,56 105,56105,,,,2022-02-10T07:52:01Z,2020,2020-01-01,2020-12-31
28111847,MALARIA_RDT_POS,COUNTRY,GAB,YEAR,2010,,,,,,,,,1 120,1120,,,,2022-02-10T07:52:01Z,2010,2010-01-01,2010-12-31
28111848,MALARIA_RDT_POS,COUNTRY,GAB,YEAR,2012,,,,,,,,,1 059,1059,,,,2022-02-10T07:52:01Z,2012,2012-01-01,2012-12-31
28111849,MALARIA_RDT_POS,COUNTRY,GAB,YEAR,2013,,,,,,,,,2 550,2550,,,,2022-02-10T07:52:01Z,2013,2013-01-01,2013-12-31
28111850,MALARIA_RDT_POS,COUNTRY,GAB,YEAR,2014,,,,,,,,,4 213,4213,,,,2022-02-10T07:52:01Z,2014,2014-01-01,2014-12-31
28111851,MALARIA_RDT_POS,COUNTRY,GAB,YEAR,2015,,,,,,,,,3 477,3477,,,,2022-02-10T07:52:01Z,2015,2015-01-01,2015-12-31
28111852,MALARIA_RDT_POS,COUNTRY,GAB,YEAR,2016,,,,,,,,,1 496,1496,,,,2022-02-10T07:52:01Z,2016,2016-01-01,2016-12-31
28111853,MALARIA_RDT_POS,COUNTRY,GAB,YEAR,2017,,,,,,,,,6 947,6947,,,,2022-02-10T07:52:01Z,2017,2017-01-01,2017-12-31
28111854,MALARIA_RDT_POS,COUNTRY,GAB,YEAR,2018,,,,,,,,,23 607,23607,,,,2022-02-10T07:52:01Z,2018,2018-01-01,2018-12-31
28111855,MALARIA_RDT_POS,COUNTRY,GAB,YEAR,2019,,,,,,,,,21 998,21998,,,,2022-02-10T07:52:02Z,2019,2019-01-01,2019-12-31
28111856,MALARIA_RDT_POS,COUNTRY,GAB,YEAR,2020,,,,,,,,,20 310,20310,,,,2022-02-10T07:52:02Z,2020,2020-01-01,2020-12-31
28111857,MALARIA_RDT_POS,COUNTRY,GHA,YEAR,2010,,,,,,,,,42 253,42253,,,,2022-02-10T07:52:02Z,2010,2010-01-01,2010-12-31
28111858,MALARIA_RDT_POS,COUNTRY,GHA,YEAR,2011,,,,,,,,,416 504,416504,,,,2022-02-10T07:52:02Z,2011,2011-01-01,2011-12-31
28111859,MALARIA_RDT_POS,COUNTRY,GHA,YEAR,2012,,,,,,,,,783 467,783467,,,,2022-02-10T07:52:02Z,2012,2012-01-01,2012-12-31
28111860,MALARIA_RDT_POS,COUNTRY,GHA,YEAR,2013,,,,,,,,,921 744,921744,,,,2022-02-10T07:52:02Z,2013,2013-01-01,2013-12-31
28111861,MALARIA_RDT_POS,COUNTRY,GHA,YEAR,2014,,,,,,,,,2 445 464,2445464,,,,2022-02-10T07:52:02Z,2014,2014-01-01,2014-12-31
28111862,MALARIA_RDT_POS,COUNTRY,GHA,YEAR,2015,,,,,,,,,4 722 792,4722792,,,,2022-02-10T07:52:02Z,2015,2015-01-01,2015-12-31
28111863,MALARIA_RDT_POS,COUNTRY,GHA,YEAR,2016,,,,,,,,,4 239 967,4239967,,,,2022-02-10T07:52:02Z,2016,2016-01-01,2016-12-31
28111864,MALARIA_RDT_POS,COUNTRY,GHA,YEAR,2017,,,,,,,,,5 913 356,5913356,,,,2022-02-10T07:52:02Z,2017,2017-01-01,2017-12-31
28111865,MALARIA_RDT_POS,COUNTRY,GHA,YEAR,2018,,,,,,,,,3 826 106,3826106,,,,2022-02-10T07:52:02Z,2018,2018-01-01,2018-12-31
28111866,MALARIA_RDT_POS,COUNTRY,GHA,YEAR,2019,,,,,,,,,4 954 841,4954841,,,,2022-02-10T07:52:02Z,2019,2019-01-01,2019-12-31
28111867,MALARIA_RDT_POS,COUNTRY,GHA,YEAR,2020,,,,,,,,,4 046 554,4046554,,,,2022-02-10T07:52:02Z,2020,2020-01-01,2020-12-31
28111868,MALARIA_RDT_POS,COUNTRY,GIN,YEAR,2011,,,,,,,,,90 124,90124,,,,2022-02-10T07:52:02Z,2011,2011-01-01,2011-12-31
28111869,MALARIA_RDT_POS,COUNTRY,GIN,YEAR,2012,,,,,,,,,148 837,148837,,,,2022-02-10T07:52:02Z,2012,2012-01-01,2012-12-31
28111870,MALARIA_RDT_POS,COUNTRY,GIN,YEAR,2013,,,,,,,,,147 904,147904,,,,2022-02-10T07:52:02Z,2013,2013-01-01,2013-12-31
28111871,MALARIA_RDT_POS,COUNTRY,GIN,YEAR,2014,,,,,,,,,577 389,577389,,,,2022-02-10T07:52:02Z,2014,2014-01-01,2014-12-31
28111872,MALARIA_RDT_POS,COUNTRY,GIN,YEAR,2015,,,,,,,,,758 768,758768,,,,2022-02-10T07:52:02Z,2015,2015-01-01,2015-12-31
28111873,MALARIA_RDT_POS,COUNTRY,GIN,YEAR,2016,,,,,,,,,938 341,938341,,,,2022-02-10T07:52:02Z,2016,2016-01-01,2016-12-31
28111874,MALARIA_RDT_POS,COUNTRY,GIN,YEAR,2017,,,,,,,,,1 271 112,1271112,,,,2022-02-10T07:52:02Z,2017,2017-01-01,2017-12-31
28111875,MALARIA_RDT_POS,COUNTRY,GIN,YEAR,2018,,,,,,,,,1 137 877,1137877,,,,2022-02-10T07:52:02Z,2018,2018-01-01,2018-12-31
28111876,MALARIA_RDT_POS,COUNTRY,GIN,YEAR,2019,,,,,,,,,2 030 259,2030259,,,,2022-02-10T07:52:02Z,2019,2019-01-01,2019-12-31
28111877,MALARIA_RDT_POS,COUNTRY,GIN,YEAR,2020,,,,,,,,,1 891 408,1891408,,,,2022-02-10T07:52:02Z,2020,2020-01-01,2020-12-31
28111878,MALARIA_RDT_POS,COUNTRY,GMB,YEAR,2010,,,,,,,,,64 108,64108,,,,2022-02-10T07:52:02Z,2010,2010-01-01,2010-12-31
28111879,MALARIA_RDT_POS,COUNTRY,GMB,YEAR,2011,,,,,,,,,196 432,196432,,,,2022-02-10T07:52:02Z,2011,2011-01-01,2011-12-31
28111880,MALARIA_RDT_POS,COUNTRY,GMB,YEAR,2012,,,,,,,,,284 144,284144,,,,2022-02-10T07:52:02Z,2012,2012-01-01,2012-12-31
28111881,MALARIA_RDT_POS,COUNTRY,GMB,YEAR,2013,,,,,,,,,176 847,176847,,,,2022-02-10T07:52:02Z,2013,2013-01-01,2013-12-31
28111882,MALARIA_RDT_POS,COUNTRY,GMB,YEAR,2014,,,,,,,,,102 003,102003,,,,2022-02-10T07:52:02Z,2014,2014-01-01,2014-12-31
28111883,MALARIA_RDT_POS,COUNTRY,GMB,YEAR,2015,,,,,,,,,196 699,196699,,,,2022-02-10T07:52:02Z,2015,2015-01-01,2015-12-31
28111884,MALARIA_RDT_POS,COUNTRY,GMB,YEAR,2016,,,,,,,,,136 342,136342,,,,2022-02-10T07:52:02Z,2016,2016-01-01,2016-12-31
28111885,MALARIA_RDT_POS,COUNTRY,GMB,YEAR,2017,,,,,,,,,66 697,66697,,,,2022-02-10T07:52:02Z,2017,2017-01-01,2017-12-31
28111886,MALARIA_RDT_POS,COUNTRY,GMB,YEAR,2018,,,,,,,,,72 938,72938,,,,2022-02-10T07:52:02Z,2018,2018-01-01,2018-12-31
28111887,MALARIA_RDT_POS,COUNTRY,GMB,YEAR,2019,,,,,,,,,42 404,42404,,,,2022-02-10T07:52:02Z,2019,2019-01-01,2019-12-31
28111888,MALARIA_RDT_POS,COUNTRY,GMB,YEAR,2020,,,,,,,,,53 575,53575,,,,2022-02-10T07:52:02Z,2020,2020-01-01,2020-12-31
28111889,MALARIA_RDT_POS,COUNTRY,GNB,YEAR,2010,,,,,,,,,20 152,20152,,,,2022-02-10T07:52:02Z,2010,2010-01-01,2010-12-31
28111890,MALARIA_RDT_POS,COUNTRY,GNB,YEAR,2011,,,,,,,,,50 662,50662,,,,2022-02-10T07:52:02Z,2011,2011-01-01,2011-12-31
28111891,MALARIA_RDT_POS,COUNTRY,GNB,YEAR,2012,,,,,,,,,26 834,26834,,,,2022-02-10T07:52:02Z,2012,2012-01-01,2012-12-31
28111892,MALARIA_RDT_POS,COUNTRY,GNB,YEAR,2013,,,,,,,,,36 851,36851,,,,2022-02-10T07:52:02Z,2013,2013-01-01,2013-12-31
28111893,MALARIA_RDT_POS,COUNTRY,GNB,YEAR,2014,,,,,,,,,61 878,61878,,,,2022-02-10T07:52:02Z,2014,2014-01-01,2014-12-31
28111894,MALARIA_RDT_POS,COUNTRY,GNB,YEAR,2015,,,,,,,,,104 296,104296,,,,2022-02-10T07:52:02Z,2015,2015-01-01,2015-12-31
28111895,MALARIA_RDT_POS,COUNTRY,GNB,YEAR,2016,,,,,,,,,103 457,103457,,,,2022-02-10T07:52:02Z,2016,2016-01-01,2016-12-31
28111896,MALARIA_RDT_POS,COUNTRY,GNB,YEAR,2017,,,,,,,,,98 849,98849,,,,2022-02-10T07:52:02Z,2017,2017-01-01,2017-12-31
28111897,MALARIA_RDT_POS,COUNTRY,GNB,YEAR,2018,,,,,,,,,125 511,125511,,,,2022-02-10T07:52:02Z,2018,2018-01-01,2018-12-31
28111898,MALARIA_RDT_POS,COUNTRY,GNB,YEAR,2019,,,,,,,,,115 232,115232,,,,2022-02-10T07:52:02Z,2019,2019-01-01,2019-12-31
28111899,MALARIA_RDT_POS,COUNTRY,GNQ,YEAR,2010,,,,,,,,,14 177,14177,,,,2022-02-10T07:52:02Z,2010,2010-01-01,2010-12-31
28111900,MALARIA_RDT_POS,COUNTRY,GNQ,YEAR,2011,,,,,,,,,1 865,1865,,,,2022-02-10T07:52:02Z,2011,2011-01-01,2011-12-31
28111901,MALARIA_RDT_POS,COUNTRY,GNQ,YEAR,2012,,,,,,,,,1 973,1973,,,,2022-02-10T07:52:02Z,2012,2012-01-01,2012-12-31
28111902,MALARIA_RDT_POS,COUNTRY,GNQ,YEAR,2013,,,,,,,,,5 170,5170,,,,2022-02-10T07:52:02Z,2013,2013-01-01,2013-12-31
28111903,MALARIA_RDT_POS,COUNTRY,GNQ,YEAR,2014,,,,,,,,,2 732,2732,,,,2022-02-10T07:52:02Z,2014,2014-01-01,2014-12-31
28111904,MALARIA_RDT_POS,COUNTRY,GNQ,YEAR,2015,,,,,,,,,6 578,6578,,,,2022-02-10T07:52:02Z,2015,2015-01-01,2015-12-31
28111905,MALARIA_RDT_POS,COUNTRY,GNQ,YEAR,2016,,,,,,,,,22 091,22091,,,,2022-02-10T07:52:02Z,2016,2016-01-01,2016-12-31
28111906,MALARIA_RDT_POS,COUNTRY,GNQ,YEAR,2017,,,,,,,,,8 925,8925,,,,2022-02-10T07:52:02Z,2017,2017-01-01,2017-12-31
28111907,MALARIA_RDT_POS,COUNTRY,GNQ,YEAR,2018,,,,,,,,,4 827,4827,,,,2022-02-10T07:52:02Z,2018,2018-01-01,2018-12-31
28111908,MALARIA_RDT_POS,COUNTRY,GNQ,YEAR,2019,,,,,,,,,11 117,11117,,,,2022-02-10T07:52:02Z,2019,2019-01-01,2019-12-31
28111909,MALARIA_RDT_POS,COUNTRY,KEN,YEAR,2012,,,,,,,,,26 752,26752,,,,2022-02-10T07:52:02Z,2012,2012-01-01,2012-12-31
28111910,MALARIA_RDT_POS,COUNTRY,KEN,YEAR,2013,,,,,,,,,314 521,314521,,,,2022-02-10T07:52:02Z,2013,2013-01-01,2013-12-31
28111911,MALARIA_RDT_POS,COUNTRY,KEN,YEAR,2014,,,,,,,,,435 605,435605,,,,2022-02-10T07:52:02Z,2014,2014-01-01,2014-12-31
28111912,MALARIA_RDT_POS,COUNTRY,KEN,YEAR,2015,,,,,,,,,1 015 769,1015769,,,,2022-02-10T07:52:02Z,2015,2015-01-01,2015-12-31
28111913,MALARIA_RDT_POS,COUNTRY,KEN,YEAR,2016,,,,,,,,,1 495 751,1495751,,,,2022-02-10T07:52:02Z,2016,2016-01-01,2016-12-31
28111914,MALARIA_RDT_POS,COUNTRY,KEN,YEAR,2017,,,,,,,,,1 391 361,1391361,,,,2022-02-10T07:52:02Z,2017,2017-01-01,2017-12-31
28111915,MALARIA_RDT_POS,COUNTRY,KEN,YEAR,2018,,,,,,,,,1 490 143,1490143,,,,2022-02-10T07:52:02Z,2018,2018-01-01,2018-12-31
28111916,MALARIA_RDT_POS,COUNTRY,KEN,YEAR,2019,,,,,,,,,362 687,362687,,,,2022-02-10T07:52:02Z,2019,2019-01-01,2019-12-31
28111917,MALARIA_RDT_POS,COUNTRY,KEN,YEAR,2020,,,,,,,,,2 012 522,2012522,,,,2022-02-10T07:52:02Z,2020,2020-01-01,2020-12-31
28111918,MALARIA_RDT_POS,COUNTRY,LBR,YEAR,2010,,,,,,,,,709 246,709246,,,,2022-02-10T07:52:02Z,2010,2010-01-01,2010-12-31
28111919,MALARIA_RDT_POS,COUNTRY,LBR,YEAR,2011,,,,,,,,,1 343 518,1343518,,,,2022-02-10T07:52:02Z,2011,2011-01-01,2011-12-31
28111920,MALARIA_RDT_POS,COUNTRY,LBR,YEAR,2012,,,,,,,,,904 662,904662,,,,2022-02-10T07:52:02Z,2012,2012-01-01,2012-12-31
28111921,MALARIA_RDT_POS,COUNTRY,LBR,YEAR,2013,,,,,,,,,747 951,747951,,,,2022-02-10T07:52:02Z,2013,2013-01-01,2013-12-31
28111922,MALARIA_RDT_POS,COUNTRY,LBR,YEAR,2014,,,,,,,,,578 516,578516,,,,2022-02-10T07:52:02Z,2014,2014-01-01,2014-12-31
28111923,MALARIA_RDT_POS,COUNTRY,LBR,YEAR,2015,,,,,,,,,635 730,635730,,,,2022-02-10T07:52:02Z,2015,2015-01-01,2015-12-31
28111924,MALARIA_RDT_POS,COUNTRY,LBR,YEAR,2016,,,,,,,,,809 356,809356,,,,2022-02-10T07:52:02Z,2016,2016-01-01,2016-12-31
28111925,MALARIA_RDT_POS,COUNTRY,LBR,YEAR,2017,,,,,,,,,667 476,667476,,,,2022-02-10T07:52:02Z,2017,2017-01-01,2017-12-31
28111926,MALARIA_RDT_POS,COUNTRY,LBR,YEAR,2019,,,,,,,,,590 187,590187,,,,2022-02-10T07:52:02Z,2019,2019-01-01,2019-12-31
28111927,MALARIA_RDT_POS,COUNTRY,MDG,YEAR,2010,,,,,,,,,200 277,200277,,,,2022-02-10T07:52:02Z,2010,2010-01-01,2010-12-31
28111928,MALARIA_RDT_POS,COUNTRY,MDG,YEAR,2011,,,,,,,,,221 051,221051,,,,2022-02-10T07:52:02Z,2011,2011-01-01,2011-12-31
28111929,MALARIA_RDT_POS,COUNTRY,MDG,YEAR,2012,,,,,,,,,399 233,399233,,,,2022-02-10T07:52:02Z,2012,2012-01-01,2012-12-31
28111930,MALARIA_RDT_POS,COUNTRY,MDG,YEAR,2013,,,,,,,,,428 503,428503,,,,2022-02-10T07:52:02Z,2013,2013-01-01,2013-12-31
28111931,MALARIA_RDT_POS,COUNTRY,MDG,YEAR,2014,,,,,,,,,467 071,467071,,,,2022-02-10T07:52:02Z,2014,2014-01-01,2014-12-31
28111932,MALARIA_RDT_POS,COUNTRY,MDG,YEAR,2015,,,,,,,,,934 909,934909,,,,2022-02-10T07:52:02Z,2015,2015-01-01,2015-12-31
28111933,MALARIA_RDT_POS,COUNTRY,MDG,YEAR,2016,,,,,,,,,682 290,682290,,,,2022-02-10T07:52:02Z,2016,2016-01-01,2016-12-31
28111934,MALARIA_RDT_POS,COUNTRY,MDG,YEAR,2017,,,,,,,,,980 718,980718,,,,2022-02-10T07:52:02Z,2017,2017-01-01,2017-12-31
28111935,MALARIA_RDT_POS,COUNTRY,MDG,YEAR,2018,,,,,,,,,965 390,965390,,,,2022-02-10T07:52:02Z,2018,2018-01-01,2018-12-31
28111936,MALARIA_RDT_POS,COUNTRY,MDG,YEAR,2019,,,,,,,,,964 896,964896,,,,2022-02-10T07:52:03Z,2019,2019-01-01,2019-12-31
28111937,MALARIA_RDT_POS,COUNTRY,MDG,YEAR,2020,,,,,,,,,1 945 396,1945396,,,,2022-02-10T07:52:03Z,2020,2020-01-01,2020-12-31
28111938,MALARIA_RDT_POS,COUNTRY,MLI,YEAR,2010,,,,,,,,,239 787,239787,,,,2022-02-10T07:52:03Z,2010,2010-01-01,2010-12-31
28111939,MALARIA_RDT_POS,COUNTRY,MLI,YEAR,2011,,,,,,,,,307 035,307035,,,,2022-02-10T07:52:03Z,2011,2011-01-01,2011-12-31
28111940,MALARIA_RDT_POS,COUNTRY,MLI,YEAR,2012,,,,,,,,,788 487,788487,,,,2022-02-10T07:52:03Z,2012,2012-01-01,2012-12-31
28111941,MALARIA_RDT_POS,COUNTRY,MLI,YEAR,2013,,,,,,,,,1 316 603,1316603,,,,2022-02-10T07:52:03Z,2013,2013-01-01,2013-12-31
28111942,MALARIA_RDT_POS,COUNTRY,MLI,YEAR,2014,,,,,,,,,1 820 216,1820216,,,,2022-02-10T07:52:03Z,2014,2014-01-01,2014-12-31
28111943,MALARIA_RDT_POS,COUNTRY,MLI,YEAR,2015,,,,,,,,,2 211 357,2211357,,,,2022-02-10T07:52:03Z,2015,2015-01-01,2015-12-31
28111944,MALARIA_RDT_POS,COUNTRY,MLI,YEAR,2016,,,,,,,,,2 075 886,2075886,,,,2022-02-10T07:52:03Z,2016,2016-01-01,2016-12-31
28111945,MALARIA_RDT_POS,COUNTRY,MLI,YEAR,2017,,,,,,,,,2 000 545,2000545,,,,2022-02-10T07:52:03Z,2017,2017-01-01,2017-12-31
28111946,MALARIA_RDT_POS,COUNTRY,MLI,YEAR,2018,,,,,,,,,2 043 595,2043595,,,,2022-02-10T07:52:03Z,2018,2018-01-01,2018-12-31
28111947,MALARIA_RDT_POS,COUNTRY,MLI,YEAR,2019,,,,,,,,,2 753 524,2753524,,,,2022-02-10T07:52:03Z,2019,2019-01-01,2019-12-31
28111948,MALARIA_RDT_POS,COUNTRY,MLI,YEAR,2020,,,,,,,,,2 124 511,2124511,,,,2022-02-10T07:52:03Z,2020,2020-01-01,2020-12-31
28111949,MALARIA_RDT_POS,COUNTRY,MOZ,YEAR,2010,,,,,,,,,878 009,878009,,,,2022-02-10T07:52:03Z,2010,2010-01-01,2010-12-31
28111950,MALARIA_RDT_POS,COUNTRY,MOZ,YEAR,2011,,,,,,,,,663 132,663132,,,,2022-02-10T07:52:03Z,2011,2011-01-01,2011-12-31
28111951,MALARIA_RDT_POS,COUNTRY,MOZ,YEAR,2012,,,,,,,,,967 133,967133,,,,2022-02-10T07:52:03Z,2012,2012-01-01,2012-12-31
28111952,MALARIA_RDT_POS,COUNTRY,MOZ,YEAR,2013,,,,,,,,,2 507 281,2507281,,,,2022-02-10T07:52:03Z,2013,2013-01-01,2013-12-31
28111953,MALARIA_RDT_POS,COUNTRY,MOZ,YEAR,2014,,,,,,,,,6 397 679,6397679,,,,2022-02-10T07:52:03Z,2014,2014-01-01,2014-12-31
28111954,MALARIA_RDT_POS,COUNTRY,MOZ,YEAR,2015,,,,,,,,,7 487 064,7487064,,,,2022-02-10T07:52:03Z,2015,2015-01-01,2015-12-31
28111955,MALARIA_RDT_POS,COUNTRY,MOZ,YEAR,2016,,,,,,,,,9 016 176,9016176,,,,2022-02-10T07:52:03Z,2016,2016-01-01,2016-12-31
28111956,MALARIA_RDT_POS,COUNTRY,MOZ,YEAR,2017,,,,,,,,,9 192 319,9192319,,,,2022-02-10T07:52:03Z,2017,2017-01-01,2017-12-31
28111957,MALARIA_RDT_POS,COUNTRY,MOZ,YEAR,2018,,,,,,,,,9 561 037,9561037,,,,2022-02-10T07:52:03Z,2018,2018-01-01,2018-12-31
28111958,MALARIA_RDT_POS,COUNTRY,MOZ,YEAR,2019,,,,,,,,,11 126 910,11126910,,,,2022-02-10T07:52:03Z,2019,2019-01-01,2019-12-31
28111959,MALARIA_RDT_POS,COUNTRY,MOZ,YEAR,2020,,,,,,,,,10 845 525,10845525,,,,2022-02-10T07:52:03Z,2020,2020-01-01,2020-12-31
28111960,MALARIA_RDT_POS,COUNTRY,MRT,YEAR,2010,,,,,,,,,1 085,1085,,,,2022-02-10T07:52:03Z,2010,2010-01-01,2010-12-31
28111961,MALARIA_RDT_POS,COUNTRY,MRT,YEAR,2011,,,,,,,,,1 796,1796,,,,2022-02-10T07:52:03Z,2011,2011-01-01,2011-12-31
28111962,MALARIA_RDT_POS,COUNTRY,MRT,YEAR,2012,,,,,,,,,1 633,1633,,,,2022-02-10T07:52:03Z,2012,2012-01-01,2012-12-31
28111963,MALARIA_RDT_POS,COUNTRY,MRT,YEAR,2013,,,,,,,,,630,630,,,,2022-02-10T07:52:03Z,2013,2013-01-01,2013-12-31
28111964,MALARIA_RDT_POS,COUNTRY,MRT,YEAR,2014,,,,,,,,,15 835,15835,,,,2022-02-10T07:52:03Z,2014,2014-01-01,2014-12-31
28111965,MALARIA_RDT_POS,COUNTRY,MRT,YEAR,2015,,,,,,,,,22 631,22631,,,,2022-02-10T07:52:03Z,2015,2015-01-01,2015-12-31
28111966,MALARIA_RDT_POS,COUNTRY,MRT,YEAR,2016,,,,,,,,,29 156,29156,,,,2022-02-10T07:52:03Z,2016,2016-01-01,2016-12-31
28111967,MALARIA_RDT_POS,COUNTRY,MRT,YEAR,2017,,,,,,,,,20 105,20105,,,,2022-02-10T07:52:03Z,2017,2017-01-01,2017-12-31
28111968,MALARIA_RDT_POS,COUNTRY,MRT,YEAR,2018,,,,,,,,,30 609,30609,,,,2022-02-10T07:52:03Z,2018,2018-01-01,2018-12-31
28111969,MALARIA_RDT_POS,COUNTRY,MRT,YEAR,2019,,,,,,,,,14 869,14869,,,,2022-02-10T07:52:03Z,2019,2019-01-01,2019-12-31
28111970,MALARIA_RDT_POS,COUNTRY,MRT,YEAR,2020,,,,,,,,,12 425,12425,,,,2022-02-10T07:52:03Z,2020,2020-01-01,2020-12-31
28111971,MALARIA_RDT_POS,COUNTRY,MWI,YEAR,2011,,,,,,,,,253 973,253973,,,,2022-02-10T07:52:03Z,2011,2011-01-01,2011-12-31
28111972,MALARIA_RDT_POS,COUNTRY,MWI,YEAR,2012,,,,,,,,,1 281 846,1281846,,,,2022-02-10T07:52:03Z,2012,2012-01-01,2012-12-31
28111973,MALARIA_RDT_POS,COUNTRY,MWI,YEAR,2013,,,,,,,,,1 236 391,1236391,,,,2022-02-10T07:52:03Z,2013,2013-01-01,2013-12-31
28111974,MALARIA_RDT_POS,COUNTRY,MWI,YEAR,2014,,,,,,,,,2 827 675,2827675,,,,2022-02-10T07:52:03Z,2014,2014-01-01,2014-12-31
28111975,MALARIA_RDT_POS,COUNTRY,MWI,YEAR,2015,,,,,,,,,3 585 315,3585315,,,,2022-02-10T07:52:03Z,2015,2015-01-01,2015-12-31
28111976,MALARIA_RDT_POS,COUNTRY,MWI,YEAR,2016,,,,,,,,,4 730 835,4730835,,,,2022-02-10T07:52:03Z,2016,2016-01-01,2016-12-31
28111977,MALARIA_RDT_POS,COUNTRY,MWI,YEAR,2017,,,,,,,,,4 901 344,4901344,,,,2022-02-10T07:52:03Z,2017,2017-01-01,2017-12-31
28111978,MALARIA_RDT_POS,COUNTRY,MWI,YEAR,2018,,,,,,,,,5 830 741,5830741,,,,2022-02-10T07:52:03Z,2018,2018-01-01,2018-12-31
28111979,MALARIA_RDT_POS,COUNTRY,MWI,YEAR,2019,,,,,,,,,5 153 779,5153779,,,,2022-02-10T07:52:03Z,2019,2019-01-01,2019-12-31
28111980,MALARIA_RDT_POS,COUNTRY,MWI,YEAR,2020,,,,,,,,,7 057 864,7057864,,,,2022-02-10T07:52:03Z,2020,2020-01-01,2020-12-31
28111981,MALARIA_RDT_POS,COUNTRY,NAM,YEAR,2011,,,,,,,,,1 525,1525,,,,2022-02-10T07:52:03Z,2011,2011-01-01,2011-12-31
28111982,MALARIA_RDT_POS,COUNTRY,NAM,YEAR,2013,,,,,,,,,4 775,4775,,,,2022-02-10T07:52:03Z,2013,2013-01-01,2013-12-31
28111983,MALARIA_RDT_POS,COUNTRY,NAM,YEAR,2014,,,,,,,,,15 692,15692,,,,2022-02-10T07:52:03Z,2014,2014-01-01,2014-12-31
28111984,MALARIA_RDT_POS,COUNTRY,NAM,YEAR,2015,,,,,,,,,12 050,12050,,,,2022-02-10T07:52:03Z,2015,2015-01-01,2015-12-31
28111985,MALARIA_RDT_POS,COUNTRY,NAM,YEAR,2016,,,,,,,,,24 869,24869,,,,2022-02-10T07:52:03Z,2016,2016-01-01,2016-12-31
28111986,MALARIA_RDT_POS,COUNTRY,NAM,YEAR,2017,,,,,,,,,66 141,66141,,,,2022-02-10T07:52:03Z,2017,2017-01-01,2017-12-31
28111987,MALARIA_RDT_POS,COUNTRY,NAM,YEAR,2018,,,,,,,,,36 451,36451,,,,2022-02-10T07:52:03Z,2018,2018-01-01,2018-12-31
28111988,MALARIA_RDT_POS,COUNTRY,NAM,YEAR,2019,,,,,,,,,3 428,3428,,,,2022-02-10T07:52:03Z,2019,2019-01-01,2019-12-31
28111989,MALARIA_RDT_POS,COUNTRY,NAM,YEAR,2020,,,,,,,,,13 636,13636,,,,2022-02-10T07:52:03Z,2020,2020-01-01,2020-12-31
28111990,MALARIA_RDT_POS,COUNTRY,NER,YEAR,2010,,,,,,,,,593 489,593489,,,,2022-02-10T07:52:03Z,2010,2010-01-01,2010-12-31
28111991,MALARIA_RDT_POS,COUNTRY,NER,YEAR,2011,,,,,,,,,770 056,770056,,,,2022-02-10T07:52:03Z,2011,2011-01-01,2011-12-31
28111992,MALARIA_RDT_POS,COUNTRY,NER,YEAR,2012,,,,,,,,,1 209 331,1209331,,,,2022-02-10T07:52:03Z,2012,2012-01-01,2012-12-31
28111993,MALARIA_RDT_POS,COUNTRY,NER,YEAR,2013,,,,,,,,,1 196 880,1196880,,,,2022-02-10T07:52:03Z,2013,2013-01-01,2013-12-31
28111994,MALARIA_RDT_POS,COUNTRY,NER,YEAR,2014,,,,,,,,,2 010 489,2010489,,,,2022-02-10T07:52:03Z,2014,2014-01-01,2014-12-31
28111995,MALARIA_RDT_POS,COUNTRY,NER,YEAR,2015,,,,,,,,,2 185 448,2185448,,,,2022-02-10T07:52:03Z,2015,2015-01-01,2015-12-31
28111996,MALARIA_RDT_POS,COUNTRY,NER,YEAR,2016,,,,,,,,,2 137 595,2137595,,,,2022-02-10T07:52:03Z,2016,2016-01-01,2016-12-31
28111997,MALARIA_RDT_POS,COUNTRY,NER,YEAR,2017,,,,,,,,,2 635 412,2635412,,,,2022-02-10T07:52:03Z,2017,2017-01-01,2017-12-31
28111998,MALARIA_RDT_POS,COUNTRY,NER,YEAR,2018,,,,,,,,,2 924 793,2924793,,,,2022-02-10T07:52:03Z,2018,2018-01-01,2018-12-31
28111999,MALARIA_RDT_POS,COUNTRY,NER,YEAR,2019,,,,,,,,,3 559 668,3559668,,,,2022-02-10T07:52:03Z,2019,2019-01-01,2019-12-31
28112000,MALARIA_RDT_POS,COUNTRY,NER,YEAR,2020,,,,,,,,,4 154 337,4154337,,,,2022-02-10T07:52:03Z,2020,2020-01-01,2020-12-31
28112001,MALARIA_RDT_POS,COUNTRY,NGA,YEAR,2010,,,,,,,,,27 674,27674,,,,2022-02-10T07:52:03Z,2010,2010-01-01,2010-12-31
28112002,MALARIA_RDT_POS,COUNTRY,NGA,YEAR,2014,,,,,,,,,7 338 668,7338668,,,,2022-02-10T07:52:03Z,2014,2014-01-01,2014-12-31
28112003,MALARIA_RDT_POS,COUNTRY,NGA,YEAR,2015,,,,,,,,,7 511 712,7511712,,,,2022-02-10T07:52:03Z,2015,2015-01-01,2015-12-31
28112004,MALARIA_RDT_POS,COUNTRY,NGA,YEAR,2016,,,,,,,,,12 979 919,12979919,,,,2022-02-10T07:52:03Z,2016,2016-01-01,2016-12-31
28112005,MALARIA_RDT_POS,COUNTRY,NGA,YEAR,2017,,,,,,,,,12 338 760,12338760,,,,2022-02-10T07:52:03Z,2017,2017-01-01,2017-12-31
28112006,MALARIA_RDT_POS,COUNTRY,NGA,YEAR,2018,,,,,,,,,13 524 751,13524751,,,,2022-02-10T07:52:03Z,2018,2018-01-01,2018-12-31
28112007,MALARIA_RDT_POS,COUNTRY,NGA,YEAR,2019,,,,,,,,,17 330 401,17330401,,,,2022-02-10T07:52:03Z,2019,2019-01-01,2019-12-31
28112008,MALARIA_RDT_POS,COUNTRY,NGA,YEAR,2020,,,,,,,,,16 013 077,16013077,,,,2022-02-10T07:52:03Z,2020,2020-01-01,2020-12-31
28112009,MALARIA_RDT_POS,COUNTRY,RWA,YEAR,2010,,,,,,,,,30 653,30653,,,,2022-02-10T07:52:04Z,2010,2010-01-01,2010-12-31
28112010,MALARIA_RDT_POS,COUNTRY,RWA,YEAR,2011,,,,,,,,,64 435,64435,,,,2022-02-10T07:52:04Z,2011,2011-01-01,2011-12-31
28112011,MALARIA_RDT_POS,COUNTRY,RWA,YEAR,2012,,,,,,,,,61 246,61246,,,,2022-02-10T07:52:04Z,2012,2012-01-01,2012-12-31
28112012,MALARIA_RDT_POS,COUNTRY,RWA,YEAR,2013,,,,,,,,,83 302,83302,,,,2022-02-10T07:52:04Z,2013,2013-01-01,2013-12-31
28112013,MALARIA_RDT_POS,COUNTRY,RWA,YEAR,2014,,,,,,,,,81 987,81987,,,,2022-02-10T07:52:04Z,2014,2014-01-01,2014-12-31
28112014,MALARIA_RDT_POS,COUNTRY,RWA,YEAR,2015,,,,,,,,,151 394,151394,,,,2022-02-10T07:52:04Z,2015,2015-01-01,2015-12-31
28112015,MALARIA_RDT_POS,COUNTRY,RWA,YEAR,2016,,,,,,,,,463 666,463666,,,,2022-02-10T07:52:04Z,2016,2016-01-01,2016-12-31
28112016,MALARIA_RDT_POS,COUNTRY,RWA,YEAR,2017,,,,,,,,,3 012 753,3012753,,,,2022-02-10T07:52:04Z,2017,2017-01-01,2017-12-31
28112017,MALARIA_RDT_POS,COUNTRY,RWA,YEAR,2018,,,,,,,,,2 574 090,2574090,,,,2022-02-10T07:52:04Z,2018,2018-01-01,2018-12-31
28112018,MALARIA_RDT_POS,COUNTRY,RWA,YEAR,2019,,,,,,,,,2 468 060,2468060,,,,2022-02-10T07:52:04Z,2019,2019-01-01,2019-12-31
28112019,MALARIA_RDT_POS,COUNTRY,RWA,YEAR,2020,,,,,,,,,1 549 912,1549912,,,,2022-02-10T07:52:04Z,2020,2020-01-01,2020-12-31
28112020,MALARIA_RDT_POS,COUNTRY,SEN,YEAR,2015,,,,,,,,,474 407,474407,,,,2022-02-10T07:52:04Z,2015,2015-01-01,2015-12-31
28112021,MALARIA_RDT_POS,COUNTRY,SEN,YEAR,2016,,,,,,,,,339 622,339622,,,,2022-02-10T07:52:04Z,2016,2016-01-01,2016-12-31
28112022,MALARIA_RDT_POS,COUNTRY,SEN,YEAR,2017,,,,,,,,,385 243,385243,,,,2022-02-10T07:52:04Z,2017,2017-01-01,2017-12-31
28112023,MALARIA_RDT_POS,COUNTRY,SEN,YEAR,2018,,,,,,,,,526 947,526947,,,,2022-02-10T07:52:04Z,2018,2018-01-01,2018-12-31
28112024,MALARIA_RDT_POS,COUNTRY,SEN,YEAR,2019,,,,,,,,,345 356,345356,,,,2022-02-10T07:52:04Z,2019,2019-01-01,2019-12-31
28112025,MALARIA_RDT_POS,COUNTRY,SEN,YEAR,2020,,,,,,,,,441 432,441432,,,,2022-02-10T07:52:04Z,2020,2020-01-01,2020-12-31
28112026,MALARIA_RDT_POS,COUNTRY,SLE,YEAR,2010,,,,,,,,,715 555,715555,,,,2022-02-10T07:52:04Z,2010,2010-01-01,2010-12-31
28112027,MALARIA_RDT_POS,COUNTRY,SLE,YEAR,2011,,,,,,,,,613 348,613348,,,,2022-02-10T07:52:04Z,2011,2011-01-01,2011-12-31
28112028,MALARIA_RDT_POS,COUNTRY,SLE,YEAR,2012,,,,,,,,,1 432 789,1432789,,,,2022-02-10T07:52:04Z,2012,2012-01-01,2012-12-31
28112029,MALARIA_RDT_POS,COUNTRY,SLE,YEAR,2013,,,,,,,,,1 625 881,1625881,,,,2022-02-10T07:52:04Z,2013,2013-01-01,2013-12-31
28112030,MALARIA_RDT_POS,COUNTRY,SLE,YEAR,2014,,,,,,,,,1 335 062,1335062,,,,2022-02-10T07:52:04Z,2014,2014-01-01,2014-12-31
28112031,MALARIA_RDT_POS,COUNTRY,SLE,YEAR,2015,,,,,,,,,1 445 556,1445556,,,,2022-02-10T07:52:04Z,2015,2015-01-01,2015-12-31
28112032,MALARIA_RDT_POS,COUNTRY,SLE,YEAR,2016,,,,,,,,,1 714 848,1714848,,,,2022-02-10T07:52:04Z,2016,2016-01-01,2016-12-31
28112033,MALARIA_RDT_POS,COUNTRY,SLE,YEAR,2017,,,,,,,,,1 645 519,1645519,,,,2022-02-10T07:52:04Z,2017,2017-01-01,2017-12-31
28112034,MALARIA_RDT_POS,COUNTRY,SLE,YEAR,2018,,,,,,,,,1 725 112,1725112,,,,2022-02-10T07:52:04Z,2018,2018-01-01,2018-12-31
28112035,MALARIA_RDT_POS,COUNTRY,SLE,YEAR,2019,,,,,,,,,2 372 450,2372450,,,,2022-02-10T07:52:04Z,2019,2019-01-01,2019-12-31
28112036,MALARIA_RDT_POS,COUNTRY,SLE,YEAR,2020,,,,,,,,,654 005,654005,,,,2022-02-10T07:52:04Z,2020,2020-01-01,2020-12-31
28112037,MALARIA_RDT_POS,COUNTRY,SSD,YEAR,2014,,,,,,,,,53 033,53033,,,,2022-02-10T07:52:04Z,2014,2014-01-01,2014-12-31
28112038,MALARIA_RDT_POS,COUNTRY,SSD,YEAR,2015,,,,,,,,,13 099,13099,,,,2022-02-10T07:52:04Z,2015,2015-01-01,2015-12-31
28112039,MALARIA_RDT_POS,COUNTRY,SSD,YEAR,2016,,,,,,,,,5 262,5262,,,,2022-02-10T07:52:04Z,2016,2016-01-01,2016-12-31
28112040,MALARIA_RDT_POS,COUNTRY,SSD,YEAR,2017,,,,,,,,,1 152 363,1152363,,,,2022-02-10T07:52:04Z,2017,2017-01-01,2017-12-31
28112041,MALARIA_RDT_POS,COUNTRY,SSD,YEAR,2018,,,,,,,,,98 209,98209,,,,2022-02-10T07:52:04Z,2018,2018-01-01,2018-12-31
28112042,MALARIA_RDT_POS,COUNTRY,SSD,YEAR,2019,,,,,,,,,1 902 505,1902505,,,,2022-02-10T07:52:04Z,2019,2019-01-01,2019-12-31
28112043,MALARIA_RDT_POS,COUNTRY,SSD,YEAR,2020,,,,,,,,,192 095,192095,,,,2022-02-10T07:52:04Z,2020,2020-01-01,2020-12-31
28112044,MALARIA_RDT_POS,COUNTRY,STP,YEAR,2010,,,,,,,,,507,507,,,,2022-02-10T07:52:04Z,2010,2010-01-01,2010-12-31
28112045,MALARIA_RDT_POS,COUNTRY,STP,YEAR,2011,,,,,,,,,2 069,2069,,,,2022-02-10T07:52:04Z,2011,2011-01-01,2011-12-31
28112046,MALARIA_RDT_POS,COUNTRY,STP,YEAR,2012,,,,,,,,,1 844,1844,,,,2022-02-10T07:52:04Z,2012,2012-01-01,2012-12-31
28112047,MALARIA_RDT_POS,COUNTRY,STP,YEAR,2013,,,,,,,,,2 891,2891,,,,2022-02-10T07:52:04Z,2013,2013-01-01,2013-12-31
28112048,MALARIA_RDT_POS,COUNTRY,STP,YEAR,2014,,,,,,,,,1 185,1185,,,,2022-02-10T07:52:04Z,2014,2014-01-01,2014-12-31
28112049,MALARIA_RDT_POS,COUNTRY,STP,YEAR,2015,,,,,,,,,1 918,1918,,,,2022-02-10T07:52:04Z,2015,2015-01-01,2015-12-31
28112050,MALARIA_RDT_POS,COUNTRY,STP,YEAR,2016,,,,,,,,,2 205,2205,,,,2022-02-10T07:52:04Z,2016,2016-01-01,2016-12-31
28112051,MALARIA_RDT_POS,COUNTRY,STP,YEAR,2017,,,,,,,,,2 132,2132,,,,2022-02-10T07:52:04Z,2017,2017-01-01,2017-12-31
28112052,MALARIA_RDT_POS,COUNTRY,STP,YEAR,2018,,,,,,,,,2 792,2792,,,,2022-02-10T07:52:04Z,2018,2018-01-01,2018-12-31
28112053,MALARIA_RDT_POS,COUNTRY,STP,YEAR,2019,,,,,,,,,2 436,2436,,,,2022-02-10T07:52:04Z,2019,2019-01-01,2019-12-31
28112054,MALARIA_RDT_POS,COUNTRY,STP,YEAR,2020,,,,,,,,,400,400,,,,2022-02-10T07:52:04Z,2020,2020-01-01,2020-12-31
28112055,MALARIA_RDT_POS,COUNTRY,SWZ,YEAR,2010,,,,,,,,,181,181,,,,2022-02-10T07:52:04Z,2010,2010-01-01,2010-12-31
28112056,MALARIA_RDT_POS,COUNTRY,SWZ,YEAR,2011,,,,,,,,,419,419,,,,2022-02-10T07:52:04Z,2011,2011-01-01,2011-12-31
28112057,MALARIA_RDT_POS,COUNTRY,SWZ,YEAR,2012,,,,,,,,,217,217,,,,2022-02-10T07:52:04Z,2012,2012-01-01,2012-12-31
28112058,MALARIA_RDT_POS,COUNTRY,SWZ,YEAR,2013,,,,,,,,,474,474,,,,2022-02-10T07:52:04Z,2013,2013-01-01,2013-12-31
28112059,MALARIA_RDT_POS,COUNTRY,SWZ,YEAR,2015,,,,,,,,,452,452,,,,2022-02-10T07:52:04Z,2015,2015-01-01,2015-12-31
28112060,MALARIA_RDT_POS,COUNTRY,SWZ,YEAR,2016,,,,,,,,,458,458,,,,2022-02-10T07:52:04Z,2016,2016-01-01,2016-12-31
28112061,MALARIA_RDT_POS,COUNTRY,SWZ,YEAR,2017,,,,,,,,,1 594,1594,,,,2022-02-10T07:52:04Z,2017,2017-01-01,2017-12-31
28112062,MALARIA_RDT_POS,COUNTRY,SWZ,YEAR,2019,,,,,,,,,243,243,,,,2022-02-10T07:52:04Z,2019,2019-01-01,2019-12-31
28112063,MALARIA_RDT_POS,COUNTRY,SWZ,YEAR,2020,,,,,,,,,204,204,,,,2022-02-10T07:52:04Z,2020,2020-01-01,2020-12-31
28112064,MALARIA_RDT_POS,COUNTRY,TCD,YEAR,2010,,,,,,,,,125 106,125106,,,,2022-02-10T07:52:04Z,2010,2010-01-01,2010-12-31
28112065,MALARIA_RDT_POS,COUNTRY,TCD,YEAR,2011,,,,,,,,,94 778,94778,,,,2022-02-10T07:52:04Z,2011,2011-01-01,2011-12-31
28112066,MALARIA_RDT_POS,COUNTRY,TCD,YEAR,2013,,,,,,,,,548 483,548483,,,,2022-02-10T07:52:04Z,2013,2013-01-01,2013-12-31
28112067,MALARIA_RDT_POS,COUNTRY,TCD,YEAR,2014,,,,,,,,,753 772,753772,,,,2022-02-10T07:52:04Z,2014,2014-01-01,2014-12-31
28112068,MALARIA_RDT_POS,COUNTRY,TCD,YEAR,2015,,,,,,,,,637 472,637472,,,,2022-02-10T07:52:04Z,2015,2015-01-01,2015-12-31
28112069,MALARIA_RDT_POS,COUNTRY,TCD,YEAR,2016,,,,,,,,,574 003,574003,,,,2022-02-10T07:52:04Z,2016,2016-01-01,2016-12-31
28112070,MALARIA_RDT_POS,COUNTRY,TCD,YEAR,2017,,,,,,,,,898 018,898018,,,,2022-02-10T07:52:04Z,2017,2017-01-01,2017-12-31
28112071,MALARIA_RDT_POS,COUNTRY,TCD,YEAR,2018,,,,,,,,,1 227 205,1227205,,,,2022-02-10T07:52:04Z,2018,2018-01-01,2018-12-31
28112072,MALARIA_RDT_POS,COUNTRY,TCD,YEAR,2019,,,,,,,,,1 480 402,1480402,,,,2022-02-10T07:52:04Z,2019,2019-01-01,2019-12-31
28112073,MALARIA_RDT_POS,COUNTRY,TCD,YEAR,2020,,,,,,,,,1 350 378,1350378,,,,2022-02-10T07:52:04Z,2020,2020-01-01,2020-12-31
28112074,MALARIA_RDT_POS,COUNTRY,TGO,YEAR,2010,,,,,,,,,812 958,812958,,,,2022-02-10T07:52:04Z,2010,2010-01-01,2010-12-31
28112075,MALARIA_RDT_POS,COUNTRY,TGO,YEAR,2011,,,,,,,,,282 145,282145,,,,2022-02-10T07:52:04Z,2011,2011-01-01,2011-12-31
28112076,MALARIA_RDT_POS,COUNTRY,TGO,YEAR,2012,,,,,,,,,648 594,648594,,,,2022-02-10T07:52:04Z,2012,2012-01-01,2012-12-31
28112077,MALARIA_RDT_POS,COUNTRY,TGO,YEAR,2013,,,,,,,,,692 848,692848,,,,2022-02-10T07:52:04Z,2013,2013-01-01,2013-12-31
28112078,MALARIA_RDT_POS,COUNTRY,TGO,YEAR,2014,,,,,,,,,1 214 132,1214132,,,,2022-02-10T07:52:04Z,2014,2014-01-01,2014-12-31
28112079,MALARIA_RDT_POS,COUNTRY,TGO,YEAR,2015,,,,,,,,,1 293 133,1293133,,,,2022-02-10T07:52:04Z,2015,2015-01-01,2015-12-31
28112080,MALARIA_RDT_POS,COUNTRY,TGO,YEAR,2016,,,,,,,,,1 514 415,1514415,,,,2022-02-10T07:52:04Z,2016,2016-01-01,2016-12-31
28112081,MALARIA_RDT_POS,COUNTRY,TGO,YEAR,2017,,,,,,,,,1 546 956,1546956,,,,2022-02-10T07:52:05Z,2017,2017-01-01,2017-12-31
28112082,MALARIA_RDT_POS,COUNTRY,TGO,YEAR,2018,,,,,,,,,1 773 610,1773610,,,,2022-02-10T07:52:05Z,2018,2018-01-01,2018-12-31
28112083,MALARIA_RDT_POS,COUNTRY,TGO,YEAR,2019,,,,,,,,,2 136 565,2136565,,,,2022-02-10T07:52:05Z,2019,2019-01-01,2019-12-31
28112084,MALARIA_RDT_POS,COUNTRY,TZA,YEAR,2010,,,,,,,,,1 974,1974,,,,2022-02-10T07:52:05Z,2010,2010-01-01,2010-12-31
28112085,MALARIA_RDT_POS,COUNTRY,TZA,YEAR,2011,,,,,,,,,337 582,337582,,,,2022-02-10T07:52:05Z,2011,2011-01-01,2011-12-31
28112086,MALARIA_RDT_POS,COUNTRY,TZA,YEAR,2012,,,,,,,,,214 893,214893,,,,2022-02-10T07:52:05Z,2012,2012-01-01,2012-12-31
28112087,MALARIA_RDT_POS,COUNTRY,TZA,YEAR,2013,,,,,,,,,72 879,72879,,,,2022-02-10T07:52:05Z,2013,2013-01-01,2013-12-31
28112088,MALARIA_RDT_POS,COUNTRY,TZA,YEAR,2014,,,,,,,,,107 963,107963,,,,2022-02-10T07:52:05Z,2014,2014-01-01,2014-12-31
28112089,MALARIA_RDT_POS,COUNTRY,TZA,YEAR,2015,,,,,,,,,4 489 951,4489951,,,,2022-02-10T07:52:05Z,2015,2015-01-01,2015-12-31
28112090,MALARIA_RDT_POS,COUNTRY,TZA,YEAR,2016,,,,,,,,,4 499 694,4499694,,,,2022-02-10T07:52:05Z,2016,2016-01-01,2016-12-31
28112091,MALARIA_RDT_POS,COUNTRY,TZA,YEAR,2017,,,,,,,,,4 828 165,4828165,,,,2022-02-10T07:52:05Z,2017,2017-01-01,2017-12-31
28112092,MALARIA_RDT_POS,COUNTRY,TZA,YEAR,2018,,,,,,,,,5 221 811,5221811,,,,2022-02-10T07:52:05Z,2018,2018-01-01,2018-12-31
28112093,MALARIA_RDT_POS,COUNTRY,TZA,YEAR,2019,,,,,,,,,5 546 911,5546911,,,,2022-02-10T07:52:05Z,2019,2019-01-01,2019-12-31
28112094,MALARIA_RDT_POS,COUNTRY,TZA,YEAR,2020,,,,,,,,,5 681 861,5681861,,,,2022-02-10T07:52:05Z,2020,2020-01-01,2020-12-31
28112095,MALARIA_RDT_POS,COUNTRY,UGA,YEAR,2011,,,,,,,,,97 147,97147,,,,2022-02-10T07:52:05Z,2011,2011-01-01,2011-12-31
28112096,MALARIA_RDT_POS,COUNTRY,UGA,YEAR,2012,,,,,,,,,1 249 109,1249109,,,,2022-02-10T07:52:05Z,2012,2012-01-01,2012-12-31
28112097,MALARIA_RDT_POS,COUNTRY,UGA,YEAR,2014,,,,,,,,,3 053 650,3053650,,,,2022-02-10T07:52:05Z,2014,2014-01-01,2014-12-31
28112098,MALARIA_RDT_POS,COUNTRY,UGA,YEAR,2015,,,,,,,,,6 164 171,6164171,,,,2022-02-10T07:52:05Z,2015,2015-01-01,2015-12-31
28112099,MALARIA_RDT_POS,COUNTRY,UGA,YEAR,2016,,,,,,,,,8 193 758,8193758,,,,2022-02-10T07:52:05Z,2016,2016-01-01,2016-12-31
28112100,MALARIA_RDT_POS,COUNTRY,UGA,YEAR,2017,,,,,,,,,9 973 390,9973390,,,,2022-02-10T07:52:05Z,2017,2017-01-01,2017-12-31
28112101,MALARIA_RDT_POS,COUNTRY,UGA,YEAR,2018,,,,,,,,,5 300 265,5300265,,,,2022-02-10T07:52:05Z,2018,2018-01-01,2018-12-31
28112102,MALARIA_RDT_POS,COUNTRY,UGA,YEAR,2019,,,,,,,,,12 359 786,12359786,,,,2022-02-10T07:52:05Z,2019,2019-01-01,2019-12-31
28112103,MALARIA_RDT_POS,COUNTRY,UGA,YEAR,2020,,,,,,,,,12 548 724,12548724,,,,2022-02-10T07:52:05Z,2020,2020-01-01,2020-12-31
28112104,MALARIA_RDT_POS,COUNTRY,ZAF,YEAR,2010,,,,,,,,,4 273,4273,,,,2022-02-10T07:52:05Z,2010,2010-01-01,2010-12-31
28112105,MALARIA_RDT_POS,COUNTRY,ZAF,YEAR,2011,,,,,,,,,3 880,3880,,,,2022-02-10T07:52:05Z,2011,2011-01-01,2011-12-31
28112106,MALARIA_RDT_POS,COUNTRY,ZAF,YEAR,2012,,,,,,,,,4 989,4989,,,,2022-02-10T07:52:05Z,2012,2012-01-01,2012-12-31
28112107,MALARIA_RDT_POS,COUNTRY,ZAF,YEAR,2013,,,,,,,,,6 073,6073,,,,2022-02-10T07:52:05Z,2013,2013-01-01,2013-12-31
28112108,MALARIA_RDT_POS,COUNTRY,ZAF,YEAR,2014,,,,,,,,,7 604,7604,,,,2022-02-10T07:52:05Z,2014,2014-01-01,2014-12-31
28112109,MALARIA_RDT_POS,COUNTRY,ZAF,YEAR,2015,,,,,,,,,4 174,4174,,,,2022-02-10T07:52:05Z,2015,2015-01-01,2015-12-31
28112110,MALARIA_RDT_POS,COUNTRY,ZAF,YEAR,2016,,,,,,,,,3 104,3104,,,,2022-02-10T07:52:05Z,2016,2016-01-01,2016-12-31
28112111,MALARIA_RDT_POS,COUNTRY,ZAF,YEAR,2017,,,,,,,,,20 023,20023,,,,2022-02-10T07:52:05Z,2017,2017-01-01,2017-12-31
28112112,MALARIA_RDT_POS,COUNTRY,ZAF,YEAR,2018,,,,,,,,,8 123,8123,,,,2022-02-10T07:52:05Z,2018,2018-01-01,2018-12-31
28112113,MALARIA_RDT_POS,COUNTRY,ZAF,YEAR,2019,,,,,,,,,13 356,13356,,,,2022-02-10T07:52:05Z,2019,2019-01-01,2019-12-31
28112114,MALARIA_RDT_POS,COUNTRY,ZAF,YEAR,2020,,,,,,,,,8 126,8126,,,,2022-02-10T07:52:05Z,2020,2020-01-01,2020-12-31
28112115,MALARIA_RDT_POS,COUNTRY,ZMB,YEAR,2014,,,,,,,,,4 077 547,4077547,,,,2022-02-10T07:52:05Z,2014,2014-01-01,2014-12-31
28112116,MALARIA_RDT_POS,COUNTRY,ZMB,YEAR,2015,,,,,,,,,4 184 661,4184661,,,,2022-02-10T07:52:05Z,2015,2015-01-01,2015-12-31
28112117,MALARIA_RDT_POS,COUNTRY,ZMB,YEAR,2016,,,,,,,,,4 851 319,4851319,,,,2022-02-10T07:52:05Z,2016,2016-01-01,2016-12-31
28112118,MALARIA_RDT_POS,COUNTRY,ZMB,YEAR,2017,,,,,,,,,5 505 639,5505639,,,,2022-02-10T07:52:05Z,2017,2017-01-01,2017-12-31
28112119,MALARIA_RDT_POS,COUNTRY,ZMB,YEAR,2018,,,,,,,,,4 989 824,4989824,,,,2022-02-10T07:52:05Z,2018,2018-01-01,2018-12-31
28112120,MALARIA_RDT_POS,COUNTRY,ZMB,YEAR,2019,,,,,,,,,5 068 876,5068876,,,,2022-02-10T07:52:05Z,2019,2019-01-01,2019-12-31
28112121,MALARIA_RDT_POS,COUNTRY,ZMB,YEAR,2020,,,,,,,,,7 992 924,7992924,,,,2022-02-10T07:52:05Z,2020,2020-01-01,2020-12-31
28112122,MALARIA_RDT_POS,COUNTRY,ZWE,YEAR,2010,,,,,,,,,249 379,249379,,,,2022-02-10T07:52:05Z,2010,2010-01-01,2010-12-31
28112123,MALARIA_RDT_POS,COUNTRY,ZWE,YEAR,2011,,,,,,,,,319 935,319935,,,,2022-02-10T07:52:05Z,2011,2011-01-01,2011-12-31
28112124,MALARIA_RDT_POS,COUNTRY,ZWE,YEAR,2012,,,,,,,,,276 963,276963,,,,2022-02-10T07:52:05Z,2012,2012-01-01,2012-12-31
28112125,MALARIA_RDT_POS,COUNTRY,ZWE,YEAR,2013,,,,,,,,,422 633,422633,,,,2022-02-10T07:52:05Z,2013,2013-01-01,2013-12-31
28112126,MALARIA_RDT_POS,COUNTRY,ZWE,YEAR,2014,,,,,,,,,548 276,548276,,,,2022-02-10T07:52:05Z,2014,2014-01-01,2014-12-31
28112127,MALARIA_RDT_POS,COUNTRY,ZWE,YEAR,2015,,,,,,,,,482 379,482379,,,,2022-02-10T07:52:05Z,2015,2015-01-01,2015-12-31
28112128,MALARIA_RDT_POS,COUNTRY,ZWE,YEAR,2016,,,,,,,,,314 003,314003,,,,2022-02-10T07:52:05Z,2016,2016-01-01,2016-12-31
28112129,MALARIA_RDT_POS,COUNTRY,ZWE,YEAR,2017,,,,,,,,,468 276,468276,,,,2022-02-10T07:52:05Z,2017,2017-01-01,2017-12-31
28112130,MALARIA_RDT_POS,COUNTRY,ZWE,YEAR,2018,,,,,,,,,264 018,264018,,,,2022-02-10T07:52:05Z,2018,2018-01-01,2018-12-31
28112131,MALARIA_RDT_POS,COUNTRY,ZWE,YEAR,2019,,,,,,,,,308 173,308173,,,,2022-02-10T07:52:05Z,2019,2019-01-01,2019-12-31
28112132,MALARIA_RDT_POS,COUNTRY,ZWE,YEAR,2020,,,,,,,,,447 381,447381,,,,2022-02-10T07:52:05Z,2020,2020-01-01,2020-12-31
28112133,MALARIA_RDT_POS,COUNTRY,ARG,YEAR,2017,,,,,,,,,2,2,,,,2022-02-10T07:52:05Z,2017,2017-01-01,2017-12-31
28112134,MALARIA_RDT_POS,COUNTRY,BLZ,YEAR,2015,,,,,,,,,5,5,,,,2022-02-10T07:52:05Z,2015,2015-01-01,2015-12-31
28112135,MALARIA_RDT_POS,COUNTRY,BLZ,YEAR,2017,,,,,,,,,3,3,,,,2022-02-10T07:52:05Z,2017,2017-01-01,2017-12-31
28112136,MALARIA_RDT_POS,COUNTRY,BLZ,YEAR,2020,,,,,,,,,0,0,,,,2022-02-10T07:52:05Z,2020,2020-01-01,2020-12-31
28112137,MALARIA_RDT_POS,COUNTRY,BOL,YEAR,2010,,,,,,,,,1 517,1517,,,,2022-02-10T07:52:05Z,2010,2010-01-01,2010-12-31
28112138,MALARIA_RDT_POS,COUNTRY,BOL,YEAR,2011,,,,,,,,,1 035,1035,,,,2022-02-10T07:52:05Z,2011,2011-01-01,2011-12-31
28112139,MALARIA_RDT_POS,COUNTRY,BOL,YEAR,2012,,,,,,,,,1 122,1122,,,,2022-02-10T07:52:05Z,2012,2012-01-01,2012-12-31
28112140,MALARIA_RDT_POS,COUNTRY,BOL,YEAR,2013,,,,,,,,,1 070,1070,,,,2022-02-10T07:52:05Z,2013,2013-01-01,2013-12-31
28112141,MALARIA_RDT_POS,COUNTRY,BOL,YEAR,2017,,,,,,,,,253,253,,,,2022-02-10T07:52:05Z,2017,2017-01-01,2017-12-31
28112142,MALARIA_RDT_POS,COUNTRY,BOL,YEAR,2018,,,,,,,,,93,93,,,,2022-02-10T07:52:05Z,2018,2018-01-01,2018-12-31
28112143,MALARIA_RDT_POS,COUNTRY,BOL,YEAR,2019,,,,,,,,,1 239,1239,,,,2022-02-10T07:52:05Z,2019,2019-01-01,2019-12-31
28112144,MALARIA_RDT_POS,COUNTRY,BOL,YEAR,2020,,,,,,,,,3 680,3680,,,,2022-02-10T07:52:05Z,2020,2020-01-01,2020-12-31
28112145,MALARIA_RDT_POS,COUNTRY,BRA,YEAR,2011,,,,,,,,,433,433,,,,2022-02-10T07:52:05Z,2011,2011-01-01,2011-12-31
28112146,MALARIA_RDT_POS,COUNTRY,BRA,YEAR,2012,,,,,,,,,4 780,4780,,,,2022-02-10T07:52:05Z,2012,2012-01-01,2012-12-31
28112147,MALARIA_RDT_POS,COUNTRY,BRA,YEAR,2013,,,,,,,,,3 719,3719,,,,2022-02-10T07:52:05Z,2013,2013-01-01,2013-12-31
28112148,MALARIA_RDT_POS,COUNTRY,BRA,YEAR,2014,,,,,,,,,1 384,1384,,,,2022-02-10T07:52:05Z,2014,2014-01-01,2014-12-31
28112149,MALARIA_RDT_POS,COUNTRY,BRA,YEAR,2015,,,,,,,,,3 318,3318,,,,2022-02-10T07:52:05Z,2015,2015-01-01,2015-12-31
28112150,MALARIA_RDT_POS,COUNTRY,BRA,YEAR,2016,,,,,,,,,5 034,5034,,,,2022-02-10T07:52:05Z,2016,2016-01-01,2016-12-31
28112151,MALARIA_RDT_POS,COUNTRY,BRA,YEAR,2017,,,,,,,,,9 549,9549,,,,2022-02-10T07:52:05Z,2017,2017-01-01,2017-12-31
28112152,MALARIA_RDT_POS,COUNTRY,BRA,YEAR,2018,,,,,,,,,12 606,12606,,,,2022-02-10T07:52:05Z,2018,2018-01-01,2018-12-31
28112153,MALARIA_RDT_POS,COUNTRY,BRA,YEAR,2019,,,,,,,,,10 586,10586,,,,2022-02-10T07:52:05Z,2019,2019-01-01,2019-12-31
28112154,MALARIA_RDT_POS,COUNTRY,BRA,YEAR,2020,,,,,,,,,17 785,17785,,,,2022-02-10T07:52:05Z,2020,2020-01-01,2020-12-31
28112155,MALARIA_RDT_POS,COUNTRY,COL,YEAR,2010,,,,,,,,,13,13,,,,2022-02-10T07:52:05Z,2010,2010-01-01,2010-12-31
28112156,MALARIA_RDT_POS,COUNTRY,COL,YEAR,2011,,,,,,,,,4 188,4188,,,,2022-02-10T07:52:05Z,2011,2011-01-01,2011-12-31
28112157,MALARIA_RDT_POS,COUNTRY,COL,YEAR,2012,,,,,,,,,9 241,9241,,,,2022-02-10T07:52:05Z,2012,2012-01-01,2012-12-31
28112158,MALARIA_RDT_POS,COUNTRY,COL,YEAR,2013,,,,,,,,,7 403,7403,,,,2022-02-10T07:52:05Z,2013,2013-01-01,2013-12-31
28112159,MALARIA_RDT_POS,COUNTRY,COL,YEAR,2014,,,,,,,,,4 602,4602,,,,2022-02-10T07:52:05Z,2014,2014-01-01,2014-12-31
28112160,MALARIA_RDT_POS,COUNTRY,COL,YEAR,2015,,,,,,,,,3 535,3535,,,,2022-02-10T07:52:05Z,2015,2015-01-01,2015-12-31
28112161,MALARIA_RDT_POS,COUNTRY,COL,YEAR,2016,,,,,,,,,5 655,5655,,,,2022-02-10T07:52:05Z,2016,2016-01-01,2016-12-31
28112162,MALARIA_RDT_POS,COUNTRY,COL,YEAR,2017,,,,,,,,,5 056,5056,,,,2022-02-10T07:52:05Z,2017,2017-01-01,2017-12-31
28112163,MALARIA_RDT_POS,COUNTRY,COL,YEAR,2018,,,,,,,,,3 407,3407,,,,2022-02-10T07:52:06Z,2018,2018-01-01,2018-12-31
28112164,MALARIA_RDT_POS,COUNTRY,COL,YEAR,2019,,,,,,,,,3 703,3703,,,,2022-02-10T07:52:06Z,2019,2019-01-01,2019-12-31
28112165,MALARIA_RDT_POS,COUNTRY,COL,YEAR,2020,,,,,,,,,3 541,3541,,,,2022-02-10T07:52:06Z,2020,2020-01-01,2020-12-31
28112166,MALARIA_RDT_POS,COUNTRY,CRI,YEAR,2015,,,,,,,,,3,3,,,,2022-02-10T07:52:06Z,2015,2015-01-01,2015-12-31
28112167,MALARIA_RDT_POS,COUNTRY,CRI,YEAR,2016,,,,,,,,,2,2,,,,2022-02-10T07:52:06Z,2016,2016-01-01,2016-12-31
28112168,MALARIA_RDT_POS,COUNTRY,CRI,YEAR,2017,,,,,,,,,3,3,,,,2022-02-10T07:52:06Z,2017,2017-01-01,2017-12-31
28112169,MALARIA_RDT_POS,COUNTRY,CRI,YEAR,2018,,,,,,,,,44,44,,,,2022-02-10T07:52:06Z,2018,2018-01-01,2018-12-31
28112170,MALARIA_RDT_POS,COUNTRY,CRI,YEAR,2020,,,,,,,,,93,93,,,,2022-02-10T07:52:06Z,2020,2020-01-01,2020-12-31
28112171,MALARIA_RDT_POS,COUNTRY,DOM,YEAR,2010,,,,,,,,,932,932,,,,2022-02-10T07:52:06Z,2010,2010-01-01,2010-12-31
28112172,MALARIA_RDT_POS,COUNTRY,DOM,YEAR,2015,,,,,,,,,129,129,,,,2022-02-10T07:52:06Z,2015,2015-01-01,2015-12-31
28112173,MALARIA_RDT_POS,COUNTRY,DOM,YEAR,2016,,,,,,,,,80,80,,,,2022-02-10T07:52:06Z,2016,2016-01-01,2016-12-31
28112174,MALARIA_RDT_POS,COUNTRY,DOM,YEAR,2017,,,,,,,,,74,74,,,,2022-02-10T07:52:06Z,2017,2017-01-01,2017-12-31
28112175,MALARIA_RDT_POS,COUNTRY,DOM,YEAR,2018,,,,,,,,,221,221,,,,2022-02-10T07:52:06Z,2018,2018-01-01,2018-12-31
28112176,MALARIA_RDT_POS,COUNTRY,DOM,YEAR,2019,,,,,,,,,1 313,1313,,,,2022-02-10T07:52:06Z,2019,2019-01-01,2019-12-31
28112177,MALARIA_RDT_POS,COUNTRY,ECU,YEAR,2015,,,,,,,,,6,6,,,,2022-02-10T07:52:06Z,2015,2015-01-01,2015-12-31
28112178,MALARIA_RDT_POS,COUNTRY,ECU,YEAR,2016,,,,,,,,,5,5,,,,2022-02-10T07:52:06Z,2016,2016-01-01,2016-12-31
28112179,MALARIA_RDT_POS,COUNTRY,ECU,YEAR,2017,,,,,,,,,6,6,,,,2022-02-10T07:52:06Z,2017,2017-01-01,2017-12-31
28112180,MALARIA_RDT_POS,COUNTRY,ECU,YEAR,2018,,,,,,,,,217,217,,,,2022-02-10T07:52:06Z,2018,2018-01-01,2018-12-31
28112181,MALARIA_RDT_POS,COUNTRY,ECU,YEAR,2019,,,,,,,,,481,481,,,,2022-02-10T07:52:06Z,2019,2019-01-01,2019-12-31
28112182,MALARIA_RDT_POS,COUNTRY,ECU,YEAR,2020,,,,,,,,,383,383,,,,2022-02-10T07:52:06Z,2020,2020-01-01,2020-12-31
28112183,MALARIA_RDT_POS,COUNTRY,GTM,YEAR,2015,,,,,,,,,1 298,1298,,,,2022-02-10T07:52:06Z,2015,2015-01-01,2015-12-31
28112184,MALARIA_RDT_POS,COUNTRY,GTM,YEAR,2016,,,,,,,,,1,1,,,,2022-02-10T07:52:06Z,2016,2016-01-01,2016-12-31
28112185,MALARIA_RDT_POS,COUNTRY,GTM,YEAR,2017,,,,,,,,,2 078,2078,,,,2022-02-10T07:52:06Z,2017,2017-01-01,2017-12-31
28112186,MALARIA_RDT_POS,COUNTRY,GTM,YEAR,2018,,,,,,,,,1 748,1748,,,,2022-02-10T07:52:06Z,2018,2018-01-01,2018-12-31
28112187,MALARIA_RDT_POS,COUNTRY,GTM,YEAR,2019,,,,,,,,,1 309,1309,,,,2022-02-10T07:52:06Z,2019,2019-01-01,2019-12-31
28112188,MALARIA_RDT_POS,COUNTRY,GTM,YEAR,2020,,,,,,,,,292,292,,,,2022-02-10T07:52:06Z,2020,2020-01-01,2020-12-31
28112189,MALARIA_RDT_POS,COUNTRY,GUY,YEAR,2011,,,,,,,,,35,35,,,,2022-02-10T07:52:06Z,2011,2011-01-01,2011-12-31
28112190,MALARIA_RDT_POS,COUNTRY,GUY,YEAR,2012,,,,,,,,,55,55,,,,2022-02-10T07:52:06Z,2012,2012-01-01,2012-12-31
28112191,MALARIA_RDT_POS,COUNTRY,GUY,YEAR,2016,,,,,,,,,1 724,1724,,,,2022-02-10T07:52:06Z,2016,2016-01-01,2016-12-31
28112192,MALARIA_RDT_POS,COUNTRY,GUY,YEAR,2017,,,,,,,,,242,242,,,,2022-02-10T07:52:06Z,2017,2017-01-01,2017-12-31
28112193,MALARIA_RDT_POS,COUNTRY,GUY,YEAR,2018,,,,,,,,,3 570,3570,,,,2022-02-10T07:52:06Z,2018,2018-01-01,2018-12-31
28112194,MALARIA_RDT_POS,COUNTRY,GUY,YEAR,2019,,,,,,,,,4 986,4986,,,,2022-02-10T07:52:06Z,2019,2019-01-01,2019-12-31
28112195,MALARIA_RDT_POS,COUNTRY,GUY,YEAR,2020,,,,,,,,,10 025,10025,,,,2022-02-10T07:52:06Z,2020,2020-01-01,2020-12-31
28112196,MALARIA_RDT_POS,COUNTRY,HND,YEAR,2011,,,,,,,,,45,45,,,,2022-02-10T07:52:06Z,2011,2011-01-01,2011-12-31
28112197,MALARIA_RDT_POS,COUNTRY,HND,YEAR,2012,,,,,,,,,10,10,,,,2022-02-10T07:52:06Z,2012,2012-01-01,2012-12-31
28112198,MALARIA_RDT_POS,COUNTRY,HND,YEAR,2013,,,,,,,,,64,64,,,,2022-02-10T07:52:06Z,2013,2013-01-01,2013-12-31
28112199,MALARIA_RDT_POS,COUNTRY,HND,YEAR,2014,,,,,,,,,102,102,,,,2022-02-10T07:52:06Z,2014,2014-01-01,2014-12-31
28112200,MALARIA_RDT_POS,COUNTRY,HND,YEAR,2015,,,,,,,,,79,79,,,,2022-02-10T07:52:06Z,2015,2015-01-01,2015-12-31
28112201,MALARIA_RDT_POS,COUNTRY,HND,YEAR,2016,,,,,,,,,657,657,,,,2022-02-10T07:52:06Z,2016,2016-01-01,2016-12-31
28112202,MALARIA_RDT_POS,COUNTRY,HND,YEAR,2017,,,,,,,,,263,263,,,,2022-02-10T07:52:06Z,2017,2017-01-01,2017-12-31
28112203,MALARIA_RDT_POS,COUNTRY,HND,YEAR,2018,,,,,,,,,454,454,,,,2022-02-10T07:52:06Z,2018,2018-01-01,2018-12-31
28112204,MALARIA_RDT_POS,COUNTRY,HND,YEAR,2019,,,,,,,,,193,193,,,,2022-02-10T07:52:06Z,2019,2019-01-01,2019-12-31
28112205,MALARIA_RDT_POS,COUNTRY,HND,YEAR,2020,,,,,,,,,539,539,,,,2022-02-10T07:52:06Z,2020,2020-01-01,2020-12-31
28112206,MALARIA_RDT_POS,COUNTRY,HTI,YEAR,2014,,,,,,,,,6 803,6803,,,,2022-02-10T07:52:06Z,2014,2014-01-01,2014-12-31
28112207,MALARIA_RDT_POS,COUNTRY,HTI,YEAR,2015,,,,,,,,,12 702,12702,,,,2022-02-10T07:52:06Z,2015,2015-01-01,2015-12-31
28112208,MALARIA_RDT_POS,COUNTRY,HTI,YEAR,2016,,,,,,,,,23 325,23325,,,,2022-02-10T07:52:06Z,2016,2016-01-01,2016-12-31
28112209,MALARIA_RDT_POS,COUNTRY,HTI,YEAR,2017,,,,,,,,,18 309,18309,,,,2022-02-10T07:52:06Z,2017,2017-01-01,2017-12-31
28112210,MALARIA_RDT_POS,COUNTRY,HTI,YEAR,2018,,,,,,,,,8 232,8232,,,,2022-02-10T07:52:06Z,2018,2018-01-01,2018-12-31
28112211,MALARIA_RDT_POS,COUNTRY,HTI,YEAR,2019,,,,,,,,,9 922,9922,,,,2022-02-10T07:52:06Z,2019,2019-01-01,2019-12-31
28112212,MALARIA_RDT_POS,COUNTRY,HTI,YEAR,2020,,,,,,,,,21 541,21541,,,,2022-02-10T07:52:06Z,2020,2020-01-01,2020-12-31
28112213,MALARIA_RDT_POS,COUNTRY,MEX,YEAR,2015,,,,,,,,,7,7,,,,2022-02-10T07:52:06Z,2015,2015-01-01,2015-12-31
28112214,MALARIA_RDT_POS,COUNTRY,MEX,YEAR,2016,,,,,,,,,6,6,,,,2022-02-10T07:52:06Z,2016,2016-01-01,2016-12-31
28112215,MALARIA_RDT_POS,COUNTRY,MEX,YEAR,2017,,,,,,,,,6,6,,,,2022-02-10T07:52:06Z,2017,2017-01-01,2017-12-31
28112216,MALARIA_RDT_POS,COUNTRY,MEX,YEAR,2019,,,,,,,,,3,3,,,,2022-02-10T07:52:06Z,2019,2019-01-01,2019-12-31
28112217,MALARIA_RDT_POS,COUNTRY,NIC,YEAR,2019,,,,,,,,,889,889,,,,2022-02-10T07:52:06Z,2019,2019-01-01,2019-12-31
28112218,MALARIA_RDT_POS,COUNTRY,NIC,YEAR,2020,,,,,,,,,6 731,6731,,,,2022-02-10T07:52:06Z,2020,2020-01-01,2020-12-31
28112219,MALARIA_RDT_POS,COUNTRY,PAN,YEAR,2015,,,,,,,,,3,3,,,,2022-02-10T07:52:06Z,2015,2015-01-01,2015-12-31
28112220,MALARIA_RDT_POS,COUNTRY,PAN,YEAR,2016,,,,,,,,,5,5,,,,2022-02-10T07:52:06Z,2016,2016-01-01,2016-12-31
28112221,MALARIA_RDT_POS,COUNTRY,PAN,YEAR,2018,,,,,,,,,424,424,,,,2022-02-10T07:52:06Z,2018,2018-01-01,2018-12-31
28112222,MALARIA_RDT_POS,COUNTRY,PAN,YEAR,2019,,,,,,,,,388,388,,,,2022-02-10T07:52:06Z,2019,2019-01-01,2019-12-31
28112223,MALARIA_RDT_POS,COUNTRY,PAN,YEAR,2020,,,,,,,,,2 109,2109,,,,2022-02-10T07:52:06Z,2020,2020-01-01,2020-12-31
28112224,MALARIA_RDT_POS,COUNTRY,PER,YEAR,2010,,,,,,,,,1,1,,,,2022-02-10T07:52:06Z,2010,2010-01-01,2010-12-31
28112225,MALARIA_RDT_POS,COUNTRY,PER,YEAR,2011,,,,,,,,,34,34,,,,2022-02-10T07:52:06Z,2011,2011-01-01,2011-12-31
28112226,MALARIA_RDT_POS,COUNTRY,PER,YEAR,2015,,,,,,,,,463,463,,,,2022-02-10T07:52:06Z,2015,2015-01-01,2015-12-31
28112227,MALARIA_RDT_POS,COUNTRY,PER,YEAR,2017,,,,,,,,,2 325,2325,,,,2022-02-10T07:52:06Z,2017,2017-01-01,2017-12-31
28112228,MALARIA_RDT_POS,COUNTRY,PER,YEAR,2018,,,,,,,,,1 000,1000,,,,2022-02-10T07:52:06Z,2018,2018-01-01,2018-12-31
28112229,MALARIA_RDT_POS,COUNTRY,PRY,YEAR,2015,,,,,,,,,1,1,,,,2022-02-10T07:52:06Z,2015,2015-01-01,2015-12-31
28112230,MALARIA_RDT_POS,COUNTRY,PRY,YEAR,2016,,,,,,,,,1,1,,,,2022-02-10T07:52:06Z,2016,2016-01-01,2016-12-31
28112231,MALARIA_RDT_POS,COUNTRY,SLV,YEAR,2011,,,,,,,,,1,1,,,,2022-02-10T07:52:06Z,2011,2011-01-01,2011-12-31
28112232,MALARIA_RDT_POS,COUNTRY,SLV,YEAR,2018,,,,,,,,,1,1,,,,2022-02-10T07:52:06Z,2018,2018-01-01,2018-12-31
28112233,MALARIA_RDT_POS,COUNTRY,SUR,YEAR,2010,,,,,,,,,190,190,,,,2022-02-10T07:52:06Z,2010,2010-01-01,2010-12-31
28112234,MALARIA_RDT_POS,COUNTRY,SUR,YEAR,2011,,,,,,,,,20,20,,,,2022-02-10T07:52:06Z,2011,2011-01-01,2011-12-31
28112235,MALARIA_RDT_POS,COUNTRY,SUR,YEAR,2012,,,,,,,,,248,248,,,,2022-02-10T07:52:06Z,2012,2012-01-01,2012-12-31
28112236,MALARIA_RDT_POS,COUNTRY,SUR,YEAR,2013,,,,,,,,,199,199,,,,2022-02-10T07:52:06Z,2013,2013-01-01,2013-12-31
28112237,MALARIA_RDT_POS,COUNTRY,SUR,YEAR,2014,,,,,,,,,303,303,,,,2022-02-10T07:52:06Z,2014,2014-01-01,2014-12-31
28112238,MALARIA_RDT_POS,COUNTRY,SUR,YEAR,2015,,,,,,,,,31,31,,,,2022-02-10T07:52:06Z,2015,2015-01-01,2015-12-31
28112239,MALARIA_RDT_POS,COUNTRY,SUR,YEAR,2016,,,,,,,,,11,11,,,,2022-02-10T07:52:07Z,2016,2016-01-01,2016-12-31
28112240,MALARIA_RDT_POS,COUNTRY,SUR,YEAR,2017,,,,,,,,,160,160,,,,2022-02-10T07:52:07Z,2017,2017-01-01,2017-12-31
28112241,MALARIA_RDT_POS,COUNTRY,SUR,YEAR,2018,,,,,,,,,17,17,,,,2022-02-10T07:52:07Z,2018,2018-01-01,2018-12-31
28112242,MALARIA_RDT_POS,COUNTRY,SUR,YEAR,2019,,,,,,,,,6,6,,,,2022-02-10T07:52:07Z,2019,2019-01-01,2019-12-31
28112243,MALARIA_RDT_POS,COUNTRY,SUR,YEAR,2020,,,,,,,,,6,6,,,,2022-02-10T07:52:07Z,2020,2020-01-01,2020-12-31
28112244,MALARIA_RDT_POS,COUNTRY,VEN,YEAR,2018,,,,,,,,,48 117,48117,,,,2022-02-10T07:52:07Z,2018,2018-01-01,2018-12-31
28112245,MALARIA_RDT_POS,COUNTRY,VEN,YEAR,2019,,,,,,,,,64 053,64053,,,,2022-02-10T07:52:07Z,2019,2019-01-01,2019-12-31
28112246,MALARIA_RDT_POS,COUNTRY,VEN,YEAR,2020,,,,,,,,,69 884,69884,,,,2022-02-10T07:52:07Z,2020,2020-01-01,2020-12-31
28112247,MALARIA_RDT_POS,COUNTRY,AFG,YEAR,2010,,,,,,,,,401,401,,,,2022-02-10T07:52:07Z,2010,2010-01-01,2010-12-31
28112248,MALARIA_RDT_POS,COUNTRY,AFG,YEAR,2013,,,,,,,,,6 851,6851,,,,2022-02-10T07:52:07Z,2013,2013-01-01,2013-12-31
28112249,MALARIA_RDT_POS,COUNTRY,AFG,YEAR,2014,,,,,,,,,22 558,22558,,,,2022-02-10T07:52:07Z,2014,2014-01-01,2014-12-31
28112250,MALARIA_RDT_POS,COUNTRY,AFG,YEAR,2015,,,,,,,,,16 482,16482,,,,2022-02-10T07:52:07Z,2015,2015-01-01,2015-12-31
28112251,MALARIA_RDT_POS,COUNTRY,AFG,YEAR,2016,,,,,,,,,89 705,89705,,,,2022-02-10T07:52:07Z,2016,2016-01-01,2016-12-31
28112252,MALARIA_RDT_POS,COUNTRY,AFG,YEAR,2017,,,,,,,,,118 220,118220,,,,2022-02-10T07:52:07Z,2017,2017-01-01,2017-12-31
28112253,MALARIA_RDT_POS,COUNTRY,AFG,YEAR,2018,,,,,,,,,143 729,143729,,,,2022-02-10T07:52:07Z,2018,2018-01-01,2018-12-31
28112254,MALARIA_RDT_POS,COUNTRY,AFG,YEAR,2019,,,,,,,,,102 471,102471,,,,2022-02-10T07:52:07Z,2019,2019-01-01,2019-12-31
28112255,MALARIA_RDT_POS,COUNTRY,AFG,YEAR,2020,,,,,,,,,66 372,66372,,,,2022-02-10T07:52:07Z,2020,2020-01-01,2020-12-31
28112256,MALARIA_RDT_POS,COUNTRY,DJI,YEAR,2012,,,,,,,,,3,3,,,,2022-02-10T07:52:07Z,2012,2012-01-01,2012-12-31
28112257,MALARIA_RDT_POS,COUNTRY,DJI,YEAR,2015,,,,,,,,,7 709,7709,,,,2022-02-10T07:52:07Z,2015,2015-01-01,2015-12-31
28112258,MALARIA_RDT_POS,COUNTRY,DJI,YEAR,2016,,,,,,,,,11 542,11542,,,,2022-02-10T07:52:07Z,2016,2016-01-01,2016-12-31
28112259,MALARIA_RDT_POS,COUNTRY,DJI,YEAR,2017,,,,,,,,,13 527,13527,,,,2022-02-10T07:52:07Z,2017,2017-01-01,2017-12-31
28112260,MALARIA_RDT_POS,COUNTRY,DJI,YEAR,2018,,,,,,,,,25 319,25319,,,,2022-02-10T07:52:07Z,2018,2018-01-01,2018-12-31
28112261,MALARIA_RDT_POS,COUNTRY,DJI,YEAR,2019,,,,,,,,,49 402,49402,,,,2022-02-10T07:52:07Z,2019,2019-01-01,2019-12-31
28112262,MALARIA_RDT_POS,COUNTRY,DJI,YEAR,2020,,,,,,,,,73 535,73535,,,,2022-02-10T07:52:07Z,2020,2020-01-01,2020-12-31
28112263,MALARIA_RDT_POS,COUNTRY,IRN,YEAR,2018,,,,,,,,,436,436,,,,2022-02-10T07:52:07Z,2018,2018-01-01,2018-12-31
28112264,MALARIA_RDT_POS,COUNTRY,IRN,YEAR,2019,,,,,,,,,1 089,1089,,,,2022-02-10T07:52:07Z,2019,2019-01-01,2019-12-31
28112265,MALARIA_RDT_POS,COUNTRY,IRN,YEAR,2020,,,,,,,,,516,516,,,,2022-02-10T07:52:07Z,2020,2020-01-01,2020-12-31
28112266,MALARIA_RDT_POS,COUNTRY,PAK,YEAR,2010,,,,,,,,,19 721,19721,,,,2022-02-10T07:52:07Z,2010,2010-01-01,2010-12-31
28112267,MALARIA_RDT_POS,COUNTRY,PAK,YEAR,2011,,,,,,,,,46 997,46997,,,,2022-02-10T07:52:07Z,2011,2011-01-01,2011-12-31
28112268,MALARIA_RDT_POS,COUNTRY,PAK,YEAR,2012,,,,,,,,,40 255,40255,,,,2022-02-10T07:52:07Z,2012,2012-01-01,2012-12-31
28112269,MALARIA_RDT_POS,COUNTRY,PAK,YEAR,2013,,,,,,,,,85 677,85677,,,,2022-02-10T07:52:07Z,2013,2013-01-01,2013-12-31
28112270,MALARIA_RDT_POS,COUNTRY,PAK,YEAR,2014,,,,,,,,,81 197,81197,,,,2022-02-10T07:52:07Z,2014,2014-01-01,2014-12-31
28112271,MALARIA_RDT_POS,COUNTRY,PAK,YEAR,2015,,,,,,,,,64 612,64612,,,,2022-02-10T07:52:07Z,2015,2015-01-01,2015-12-31
28112272,MALARIA_RDT_POS,COUNTRY,PAK,YEAR,2016,,,,,,,,,169 925,169925,,,,2022-02-10T07:52:07Z,2016,2016-01-01,2016-12-31
28112273,MALARIA_RDT_POS,COUNTRY,PAK,YEAR,2017,,,,,,,,,237 237,237237,,,,2022-02-10T07:52:07Z,2017,2017-01-01,2017-12-31
28112274,MALARIA_RDT_POS,COUNTRY,PAK,YEAR,2018,,,,,,,,,255 411,255411,,,,2022-02-10T07:52:07Z,2018,2018-01-01,2018-12-31
28112275,MALARIA_RDT_POS,COUNTRY,PAK,YEAR,2019,,,,,,,,,287 729,287729,,,,2022-02-10T07:52:07Z,2019,2019-01-01,2019-12-31
28112276,MALARIA_RDT_POS,COUNTRY,PAK,YEAR,2020,,,,,,,,,287 969,287969,,,,2022-02-10T07:52:07Z,2020,2020-01-01,2020-12-31
28112277,MALARIA_RDT_POS,COUNTRY,SAU,YEAR,2019,,,,,,,,,2 152,2152,,,,2022-02-10T07:52:07Z,2019,2019-01-01,2019-12-31
28112278,MALARIA_RDT_POS,COUNTRY,SAU,YEAR,2020,,,,,,,,,3 205,3205,,,,2022-02-10T07:52:07Z,2020,2020-01-01,2020-12-31
28112279,MALARIA_RDT_POS,COUNTRY,SDN,YEAR,2010,,,,,,,,,95 192,95192,,,,2022-02-10T07:52:07Z,2010,2010-01-01,2010-12-31
28112280,MALARIA_RDT_POS,COUNTRY,SDN,YEAR,2014,,,,,,,,,489 468,489468,,,,2022-02-10T07:52:07Z,2014,2014-01-01,2014-12-31
28112281,MALARIA_RDT_POS,COUNTRY,SDN,YEAR,2016,,,,,,,,,187 707,187707,,,,2022-02-10T07:52:07Z,2016,2016-01-01,2016-12-31
28112282,MALARIA_RDT_POS,COUNTRY,SDN,YEAR,2017,,,,,,,,,212 016,212016,,,,2022-02-10T07:52:07Z,2017,2017-01-01,2017-12-31
28112283,MALARIA_RDT_POS,COUNTRY,SDN,YEAR,2018,,,,,,,,,386 473,386473,,,,2022-02-10T07:52:07Z,2018,2018-01-01,2018-12-31
28112284,MALARIA_RDT_POS,COUNTRY,SDN,YEAR,2019,,,,,,,,,343 769,343769,,,,2022-02-10T07:52:07Z,2019,2019-01-01,2019-12-31
28112285,MALARIA_RDT_POS,COUNTRY,SDN,YEAR,2020,,,,,,,,,435 553,435553,,,,2022-02-10T07:52:07Z,2020,2020-01-01,2020-12-31
28112286,MALARIA_RDT_POS,COUNTRY,SOM,YEAR,2010,,,,,,,,,19 204,19204,,,,2022-02-10T07:52:07Z,2010,2010-01-01,2010-12-31
28112287,MALARIA_RDT_POS,COUNTRY,SOM,YEAR,2011,,,,,,,,,1 724,1724,,,,2022-02-10T07:52:07Z,2011,2011-01-01,2011-12-31
28112288,MALARIA_RDT_POS,COUNTRY,SOM,YEAR,2012,,,,,,,,,6 817,6817,,,,2022-02-10T07:52:07Z,2012,2012-01-01,2012-12-31
28112289,MALARIA_RDT_POS,COUNTRY,SOM,YEAR,2013,,,,,,,,,7 407,7407,,,,2022-02-10T07:52:07Z,2013,2013-01-01,2013-12-31
28112290,MALARIA_RDT_POS,COUNTRY,SOM,YEAR,2014,,,,,,,,,11 001,11001,,,,2022-02-10T07:52:07Z,2014,2014-01-01,2014-12-31
28112291,MALARIA_RDT_POS,COUNTRY,SOM,YEAR,2015,,,,,,,,,20 953,20953,,,,2022-02-10T07:52:07Z,2015,2015-01-01,2015-12-31
28112292,MALARIA_RDT_POS,COUNTRY,SOM,YEAR,2016,,,,,,,,,35 628,35628,,,,2022-02-10T07:52:07Z,2016,2016-01-01,2016-12-31
28112293,MALARIA_RDT_POS,COUNTRY,SOM,YEAR,2017,,,,,,,,,35 138,35138,,,,2022-02-10T07:52:07Z,2017,2017-01-01,2017-12-31
28112294,MALARIA_RDT_POS,COUNTRY,SOM,YEAR,2018,,,,,,,,,31 021,31021,,,,2022-02-10T07:52:07Z,2018,2018-01-01,2018-12-31
28112295,MALARIA_RDT_POS,COUNTRY,SOM,YEAR,2019,,,,,,,,,39 687,39687,,,,2022-02-10T07:52:07Z,2019,2019-01-01,2019-12-31
28112296,MALARIA_RDT_POS,COUNTRY,SOM,YEAR,2020,,,,,,,,,27 333,27333,,,,2022-02-10T07:52:07Z,2020,2020-01-01,2020-12-31
28112297,MALARIA_RDT_POS,COUNTRY,YEM,YEAR,2010,,,,,,,,,28 428,28428,,,,2022-02-10T07:52:07Z,2010,2010-01-01,2010-12-31
28112298,MALARIA_RDT_POS,COUNTRY,YEM,YEAR,2011,,,,,,,,,30 203,30203,,,,2022-02-10T07:52:07Z,2011,2011-01-01,2011-12-31
28112299,MALARIA_RDT_POS,COUNTRY,YEM,YEAR,2012,,,,,,,,,41 059,41059,,,,2022-02-10T07:52:07Z,2012,2012-01-01,2012-12-31
28112300,MALARIA_RDT_POS,COUNTRY,YEM,YEAR,2013,,,,,,,,,39 294,39294,,,,2022-02-10T07:52:07Z,2013,2013-01-01,2013-12-31
28112301,MALARIA_RDT_POS,COUNTRY,YEM,YEAR,2014,,,,,,,,,34 939,34939,,,,2022-02-10T07:52:07Z,2014,2014-01-01,2014-12-31
28112302,MALARIA_RDT_POS,COUNTRY,YEM,YEAR,2015,,,,,,,,,34 207,34207,,,,2022-02-10T07:52:07Z,2015,2015-01-01,2015-12-31
28112303,MALARIA_RDT_POS,COUNTRY,YEM,YEAR,2016,,,,,,,,,53 814,53814,,,,2022-02-10T07:52:07Z,2016,2016-01-01,2016-12-31
28112304,MALARIA_RDT_POS,COUNTRY,YEM,YEAR,2017,,,,,,,,,114 397,114397,,,,2022-02-10T07:52:07Z,2017,2017-01-01,2017-12-31
28112305,MALARIA_RDT_POS,COUNTRY,YEM,YEAR,2018,,,,,,,,,93 667,93667,,,,2022-02-10T07:52:07Z,2018,2018-01-01,2018-12-31
28112306,MALARIA_RDT_POS,COUNTRY,YEM,YEAR,2019,,,,,,,,,61 549,61549,,,,2022-02-10T07:52:07Z,2019,2019-01-01,2019-12-31
28112307,MALARIA_RDT_POS,COUNTRY,YEM,YEAR,2020,,,,,,,,,67 058,67058,,,,2022-02-10T07:52:07Z,2020,2020-01-01,2020-12-31
28112308,MALARIA_RDT_POS,COUNTRY,KGZ,YEAR,2015,,,,,,,,,0,0,,,,2022-02-10T07:52:07Z,2015,2015-01-01,2015-12-31
28112309,MALARIA_RDT_POS,COUNTRY,KGZ,YEAR,2016,,,,,,,,,0,0,,,,2022-02-10T07:52:07Z,2016,2016-01-01,2016-12-31
28112310,MALARIA_RDT_POS,COUNTRY,KGZ,YEAR,2017,,,,,,,,,0,0,,,,2022-02-10T07:52:07Z,2017,2017-01-01,2017-12-31
28112311,MALARIA_RDT_POS,COUNTRY,BGD,YEAR,2010,,,,,,,,,35 354,35354,,,,2022-02-10T07:52:07Z,2010,2010-01-01,2010-12-31
28112312,MALARIA_RDT_POS,COUNTRY,BGD,YEAR,2011,,,,,,,,,31 541,31541,,,,2022-02-10T07:52:07Z,2011,2011-01-01,2011-12-31
28112313,MALARIA_RDT_POS,COUNTRY,BGD,YEAR,2012,,,,,,,,,19 617,19617,,,,2022-02-10T07:52:07Z,2012,2012-01-01,2012-12-31
28112314,MALARIA_RDT_POS,COUNTRY,BGD,YEAR,2013,,,,,,,,,19 588,19588,,,,2022-02-10T07:52:07Z,2013,2013-01-01,2013-12-31
28112315,MALARIA_RDT_POS,COUNTRY,BGD,YEAR,2014,,,,,,,,,43 852,43852,,,,2022-02-10T07:52:07Z,2014,2014-01-01,2014-12-31
28112316,MALARIA_RDT_POS,COUNTRY,BGD,YEAR,2015,,,,,,,,,33 098,33098,,,,2022-02-10T07:52:07Z,2015,2015-01-01,2015-12-31
28112317,MALARIA_RDT_POS,COUNTRY,BGD,YEAR,2016,,,,,,,,,24 520,24520,,,,2022-02-10T07:52:07Z,2016,2016-01-01,2016-12-31
28112318,MALARIA_RDT_POS,COUNTRY,BGD,YEAR,2017,,,,,,,,,25 922,25922,,,,2022-02-10T07:52:07Z,2017,2017-01-01,2017-12-31
28112319,MALARIA_RDT_POS,COUNTRY,BGD,YEAR,2018,,,,,,,,,9 388,9388,,,,2022-02-10T07:52:07Z,2018,2018-01-01,2018-12-31
28112320,MALARIA_RDT_POS,COUNTRY,BGD,YEAR,2019,,,,,,,,,15 914,15914,,,,2022-02-10T07:52:07Z,2019,2019-01-01,2019-12-31
28112321,MALARIA_RDT_POS,COUNTRY,BGD,YEAR,2020,,,,,,,,,5 868,5868,,,,2022-02-10T07:52:07Z,2020,2020-01-01,2020-12-31
28112322,MALARIA_RDT_POS,COUNTRY,BTN,YEAR,2015,,,,,,,,,20,20,,,,2022-02-10T07:52:07Z,2015,2015-01-01,2015-12-31
28112323,MALARIA_RDT_POS,COUNTRY,BTN,YEAR,2016,,,,,,,,,15,15,,,,2022-02-10T07:52:07Z,2016,2016-01-01,2016-12-31
28112324,MALARIA_RDT_POS,COUNTRY,BTN,YEAR,2018,,,,,,,,,5,5,,,,2022-02-10T07:52:08Z,2018,2018-01-01,2018-12-31
28112325,MALARIA_RDT_POS,COUNTRY,BTN,YEAR,2019,,,,,,,,,37,37,,,,2022-02-10T07:52:08Z,2019,2019-01-01,2019-12-31
28112326,MALARIA_RDT_POS,COUNTRY,BTN,YEAR,2020,,,,,,,,,8,8,,,,2022-02-10T07:52:08Z,2020,2020-01-01,2020-12-31
28112327,MALARIA_RDT_POS,COUNTRY,IDN,YEAR,2018,,,,,,,,,31 563,31563,,,,2022-02-10T07:52:08Z,2018,2018-01-01,2018-12-31
28112328,MALARIA_RDT_POS,COUNTRY,IDN,YEAR,2019,,,,,,,,,37 649,37649,,,,2022-02-10T07:52:08Z,2019,2019-01-01,2019-12-31
28112329,MALARIA_RDT_POS,COUNTRY,IDN,YEAR,2020,,,,,,,,,61 286,61286,,,,2022-02-10T07:52:08Z,2020,2020-01-01,2020-12-31
28112330,MALARIA_RDT_POS,COUNTRY,IND,YEAR,2017,,,,,,,,,537 790,537790,,,,2022-02-10T07:52:08Z,2017,2017-01-01,2017-12-31
28112331,MALARIA_RDT_POS,COUNTRY,IND,YEAR,2018,,,,,,,,,199 496,199496,,,,2022-02-10T07:52:08Z,2018,2018-01-01,2018-12-31
28112332,MALARIA_RDT_POS,COUNTRY,IND,YEAR,2019,,,,,,,,,205 744,205744,,,,2022-02-10T07:52:08Z,2019,2019-01-01,2019-12-31
28112333,MALARIA_RDT_POS,COUNTRY,IND,YEAR,2020,,,,,,,,,121 064,121064,,,,2022-02-10T07:52:08Z,2020,2020-01-01,2020-12-31
28112334,MALARIA_RDT_POS,COUNTRY,LKA,YEAR,2012,,,,,,,,,19,19,,,,2022-02-10T07:52:08Z,2012,2012-01-01,2012-12-31
28112335,MALARIA_RDT_POS,COUNTRY,LKA,YEAR,2013,,,,,,,,,2,2,,,,2022-02-10T07:52:08Z,2013,2013-01-01,2013-12-31
28112336,MALARIA_RDT_POS,COUNTRY,LKA,YEAR,2014,,,,,,,,,4,4,,,,2022-02-10T07:52:08Z,2014,2014-01-01,2014-12-31
28112337,MALARIA_RDT_POS,COUNTRY,LKA,YEAR,2015,,,,,,,,,1,1,,,,2022-02-10T07:52:08Z,2015,2015-01-01,2015-12-31
28112338,MALARIA_RDT_POS,COUNTRY,LKA,YEAR,2016,,,,,,,,,1,1,,,,2022-02-10T07:52:08Z,2016,2016-01-01,2016-12-31
28112339,MALARIA_RDT_POS,COUNTRY,LKA,YEAR,2017,,,,,,,,,19,19,,,,2022-02-10T07:52:08Z,2017,2017-01-01,2017-12-31
28112340,MALARIA_RDT_POS,COUNTRY,LKA,YEAR,2018,,,,,,,,,0,0,,,,2022-02-10T07:52:08Z,2018,2018-01-01,2018-12-31
28112341,MALARIA_RDT_POS,COUNTRY,LKA,YEAR,2019,,,,,,,,,2,2,,,,2022-02-10T07:52:08Z,2019,2019-01-01,2019-12-31
28112342,MALARIA_RDT_POS,COUNTRY,LKA,YEAR,2020,,,,,,,,,0,0,,,,2022-02-10T07:52:08Z,2020,2020-01-01,2020-12-31
28112343,MALARIA_RDT_POS,COUNTRY,MMR,YEAR,2010,,,,,,,,,317 523,317523,,,,2022-02-10T07:52:08Z,2010,2010-01-01,2010-12-31
28112344,MALARIA_RDT_POS,COUNTRY,MMR,YEAR,2011,,,,,,,,,373 542,373542,,,,2022-02-10T07:52:08Z,2011,2011-01-01,2011-12-31
28112345,MALARIA_RDT_POS,COUNTRY,MMR,YEAR,2012,,,,,,,,,405 984,405984,,,,2022-02-10T07:52:08Z,2012,2012-01-01,2012-12-31
28112346,MALARIA_RDT_POS,COUNTRY,MMR,YEAR,2013,,,,,,,,,307 362,307362,,,,2022-02-10T07:52:08Z,2013,2013-01-01,2013-12-31
28112347,MALARIA_RDT_POS,COUNTRY,MMR,YEAR,2014,,,,,,,,,193 648,193648,,,,2022-02-10T07:52:08Z,2014,2014-01-01,2014-12-31
28112348,MALARIA_RDT_POS,COUNTRY,MMR,YEAR,2015,,,,,,,,,176 163,176163,,,,2022-02-10T07:52:08Z,2015,2015-01-01,2015-12-31
28112349,MALARIA_RDT_POS,COUNTRY,MMR,YEAR,2016,,,,,,,,,103 429,103429,,,,2022-02-10T07:52:08Z,2016,2016-01-01,2016-12-31
28112350,MALARIA_RDT_POS,COUNTRY,MMR,YEAR,2017,,,,,,,,,80 371,80371,,,,2022-02-10T07:52:08Z,2017,2017-01-01,2017-12-31
28112351,MALARIA_RDT_POS,COUNTRY,MMR,YEAR,2018,,,,,,,,,73 941,73941,,,,2022-02-10T07:52:08Z,2018,2018-01-01,2018-12-31
28112352,MALARIA_RDT_POS,COUNTRY,MMR,YEAR,2019,,,,,,,,,55 590,55590,,,,2022-02-10T07:52:08Z,2019,2019-01-01,2019-12-31
28112353,MALARIA_RDT_POS,COUNTRY,MMR,YEAR,2020,,,,,,,,,57 009,57009,,,,2022-02-10T07:52:08Z,2020,2020-01-01,2020-12-31
28112354,MALARIA_RDT_POS,COUNTRY,NPL,YEAR,2010,,,,,,,,,779,779,,,,2022-02-10T07:52:08Z,2010,2010-01-01,2010-12-31
28112355,MALARIA_RDT_POS,COUNTRY,NPL,YEAR,2011,,,,,,,,,1 504,1504,,,,2022-02-10T07:52:08Z,2011,2011-01-01,2011-12-31
28112356,MALARIA_RDT_POS,COUNTRY,NPL,YEAR,2012,,,,,,,,,1 571,1571,,,,2022-02-10T07:52:08Z,2012,2012-01-01,2012-12-31
28112357,MALARIA_RDT_POS,COUNTRY,NPL,YEAR,2013,,,,,,,,,777,777,,,,2022-02-10T07:52:08Z,2013,2013-01-01,2013-12-31
28112358,MALARIA_RDT_POS,COUNTRY,NPL,YEAR,2015,,,,,,,,,725,725,,,,2022-02-10T07:52:08Z,2015,2015-01-01,2015-12-31
28112359,MALARIA_RDT_POS,COUNTRY,NPL,YEAR,2017,,,,,,,,,449,449,,,,2022-02-10T07:52:08Z,2017,2017-01-01,2017-12-31
28112360,MALARIA_RDT_POS,COUNTRY,NPL,YEAR,2018,,,,,,,,,34,34,,,,2022-02-10T07:52:08Z,2018,2018-01-01,2018-12-31
28112361,MALARIA_RDT_POS,COUNTRY,NPL,YEAR,2019,,,,,,,,,608,608,,,,2022-02-10T07:52:08Z,2019,2019-01-01,2019-12-31
28112362,MALARIA_RDT_POS,COUNTRY,NPL,YEAR,2020,,,,,,,,,401,401,,,,2022-02-10T07:52:08Z,2020,2020-01-01,2020-12-31
28112363,MALARIA_RDT_POS,COUNTRY,PRK,YEAR,2015,,,,,,,,,12,12,,,,2022-02-10T07:52:08Z,2015,2015-01-01,2015-12-31
28112364,MALARIA_RDT_POS,COUNTRY,PRK,YEAR,2016,,,,,,,,,143,143,,,,2022-02-10T07:52:08Z,2016,2016-01-01,2016-12-31
28112365,MALARIA_RDT_POS,COUNTRY,PRK,YEAR,2017,,,,,,,,,140,140,,,,2022-02-10T07:52:08Z,2017,2017-01-01,2017-12-31
28112366,MALARIA_RDT_POS,COUNTRY,PRK,YEAR,2018,,,,,,,,,252,252,,,,2022-02-10T07:52:08Z,2018,2018-01-01,2018-12-31
28112367,MALARIA_RDT_POS,COUNTRY,PRK,YEAR,2019,,,,,,,,,983,983,,,,2022-02-10T07:52:08Z,2019,2019-01-01,2019-12-31
28112368,MALARIA_RDT_POS,COUNTRY,PRK,YEAR,2020,,,,,,,,,657,657,,,,2022-02-10T07:52:08Z,2020,2020-01-01,2020-12-31
28112369,MALARIA_RDT_POS,COUNTRY,THA,YEAR,2010,,,,,,,,,9 511,9511,,,,2022-02-10T07:52:08Z,2010,2010-01-01,2010-12-31
28112370,MALARIA_RDT_POS,COUNTRY,THA,YEAR,2011,,,,,,,,,10 419,10419,,,,2022-02-10T07:52:08Z,2011,2011-01-01,2011-12-31
28112371,MALARIA_RDT_POS,COUNTRY,THA,YEAR,2012,,,,,,,,,14 326,14326,,,,2022-02-10T07:52:08Z,2012,2012-01-01,2012-12-31
28112372,MALARIA_RDT_POS,COUNTRY,THA,YEAR,2013,,,,,,,,,8 300,8300,,,,2022-02-10T07:52:08Z,2013,2013-01-01,2013-12-31
28112373,MALARIA_RDT_POS,COUNTRY,THA,YEAR,2014,,,,,,,,,3 297,3297,,,,2022-02-10T07:52:08Z,2014,2014-01-01,2014-12-31
28112374,MALARIA_RDT_POS,COUNTRY,THA,YEAR,2015,,,,,,,,,9 405,9405,,,,2022-02-10T07:52:08Z,2015,2015-01-01,2015-12-31
28112375,MALARIA_RDT_POS,COUNTRY,THA,YEAR,2016,,,,,,,,,6 499,6499,,,,2022-02-10T07:52:08Z,2016,2016-01-01,2016-12-31
28112376,MALARIA_RDT_POS,COUNTRY,THA,YEAR,2017,,,,,,,,,4 286,4286,,,,2022-02-10T07:52:08Z,2017,2017-01-01,2017-12-31
28112377,MALARIA_RDT_POS,COUNTRY,THA,YEAR,2018,,,,,,,,,1 579,1579,,,,2022-02-10T07:52:08Z,2018,2018-01-01,2018-12-31
28112378,MALARIA_RDT_POS,COUNTRY,THA,YEAR,2019,,,,,,,,,1 251,1251,,,,2022-02-10T07:52:08Z,2019,2019-01-01,2019-12-31
28112379,MALARIA_RDT_POS,COUNTRY,THA,YEAR,2020,,,,,,,,,1 148,1148,,,,2022-02-10T07:52:08Z,2020,2020-01-01,2020-12-31
28112380,MALARIA_RDT_POS,COUNTRY,TLS,YEAR,2010,,,,,,,,,7 887,7887,,,,2022-02-10T07:52:08Z,2010,2010-01-01,2010-12-31
28112381,MALARIA_RDT_POS,COUNTRY,TLS,YEAR,2012,,,,,,,,,310,310,,,,2022-02-10T07:52:08Z,2012,2012-01-01,2012-12-31
28112382,MALARIA_RDT_POS,COUNTRY,TLS,YEAR,2013,,,,,,,,,198,198,,,,2022-02-10T07:52:08Z,2013,2013-01-01,2013-12-31
28112383,MALARIA_RDT_POS,COUNTRY,TLS,YEAR,2014,,,,,,,,,64,64,,,,2022-02-10T07:52:08Z,2014,2014-01-01,2014-12-31
28112384,MALARIA_RDT_POS,COUNTRY,TLS,YEAR,2019,,,,,,,,,7,7,,,,2022-02-10T07:52:08Z,2019,2019-01-01,2019-12-31
28112385,MALARIA_RDT_POS,COUNTRY,TLS,YEAR,2020,,,,,,,,,3,3,,,,2022-02-10T07:52:08Z,2020,2020-01-01,2020-12-31
28112386,MALARIA_RDT_POS,COUNTRY,KHM,YEAR,2010,,,,,,,,,82 187,82187,,,,2022-02-10T07:52:08Z,2010,2010-01-01,2010-12-31
28112387,MALARIA_RDT_POS,COUNTRY,KHM,YEAR,2011,,,,,,,,,93 113,93113,,,,2022-02-10T07:52:08Z,2011,2011-01-01,2011-12-31
28112388,MALARIA_RDT_POS,COUNTRY,KHM,YEAR,2012,,,,,,,,,59 427,59427,,,,2022-02-10T07:52:08Z,2012,2012-01-01,2012-12-31
28112389,MALARIA_RDT_POS,COUNTRY,KHM,YEAR,2013,,,,,,,,,39 471,39471,,,,2022-02-10T07:52:08Z,2013,2013-01-01,2013-12-31
28112390,MALARIA_RDT_POS,COUNTRY,KHM,YEAR,2014,,,,,,,,,63 890,63890,,,,2022-02-10T07:52:08Z,2014,2014-01-01,2014-12-31
28112391,MALARIA_RDT_POS,COUNTRY,KHM,YEAR,2015,,,,,,,,,60 686,60686,,,,2022-02-10T07:52:08Z,2015,2015-01-01,2015-12-31
28112392,MALARIA_RDT_POS,COUNTRY,KHM,YEAR,2016,,,,,,,,,39 685,39685,,,,2022-02-10T07:52:08Z,2016,2016-01-01,2016-12-31
28112393,MALARIA_RDT_POS,COUNTRY,KHM,YEAR,2017,,,,,,,,,70 896,70896,,,,2022-02-10T07:52:08Z,2017,2017-01-01,2017-12-31
28112394,MALARIA_RDT_POS,COUNTRY,KHM,YEAR,2018,,,,,,,,,54 264,54264,,,,2022-02-10T07:52:08Z,2018,2018-01-01,2018-12-31
28112395,MALARIA_RDT_POS,COUNTRY,KHM,YEAR,2019,,,,,,,,,29 562,29562,,,,2022-02-10T07:52:08Z,2019,2019-01-01,2019-12-31
28112396,MALARIA_RDT_POS,COUNTRY,KHM,YEAR,2020,,,,,,,,,15 182,15182,,,,2022-02-10T07:52:09Z,2020,2020-01-01,2020-12-31
28112397,MALARIA_RDT_POS,COUNTRY,KOR,YEAR,2015,,,,,,,,,452,452,,,,2022-02-10T07:52:09Z,2015,2015-01-01,2015-12-31
28112398,MALARIA_RDT_POS,COUNTRY,KOR,YEAR,2016,,,,,,,,,454,454,,,,2022-02-10T07:52:09Z,2016,2016-01-01,2016-12-31
28112399,MALARIA_RDT_POS,COUNTRY,KOR,YEAR,2017,,,,,,,,,372,372,,,,2022-02-10T07:52:09Z,2017,2017-01-01,2017-12-31
28112400,MALARIA_RDT_POS,COUNTRY,KOR,YEAR,2018,,,,,,,,,429,429,,,,2022-02-10T07:52:09Z,2018,2018-01-01,2018-12-31
28112401,MALARIA_RDT_POS,COUNTRY,KOR,YEAR,2019,,,,,,,,,94,94,,,,2022-02-10T07:52:09Z,2019,2019-01-01,2019-12-31
28112402,MALARIA_RDT_POS,COUNTRY,LAO,YEAR,2010,,,,,,,,,16 260,16260,,,,2022-02-10T07:52:09Z,2010,2010-01-01,2010-12-31
28112403,MALARIA_RDT_POS,COUNTRY,LAO,YEAR,2011,,,,,,,,,11 309,11309,,,,2022-02-10T07:52:09Z,2011,2011-01-01,2011-12-31
28112404,MALARIA_RDT_POS,COUNTRY,LAO,YEAR,2012,,,,,,,,,32 947,32947,,,,2022-02-10T07:52:09Z,2012,2012-01-01,2012-12-31
28112405,MALARIA_RDT_POS,COUNTRY,LAO,YEAR,2013,,,,,,,,,28 102,28102,,,,2022-02-10T07:52:09Z,2013,2013-01-01,2013-12-31
28112406,MALARIA_RDT_POS,COUNTRY,LAO,YEAR,2014,,,,,,,,,40 045,40045,,,,2022-02-10T07:52:09Z,2014,2014-01-01,2014-12-31
28112407,MALARIA_RDT_POS,COUNTRY,LAO,YEAR,2015,,,,,,,,,29 880,29880,,,,2022-02-10T07:52:09Z,2015,2015-01-01,2015-12-31
28112408,MALARIA_RDT_POS,COUNTRY,LAO,YEAR,2016,,,,,,,,,13 142,13142,,,,2022-02-10T07:52:09Z,2016,2016-01-01,2016-12-31
28112409,MALARIA_RDT_POS,COUNTRY,LAO,YEAR,2017,,,,,,,,,6 860,6860,,,,2022-02-10T07:52:09Z,2017,2017-01-01,2017-12-31
28112410,MALARIA_RDT_POS,COUNTRY,LAO,YEAR,2018,,,,,,,,,7 945,7945,,,,2022-02-10T07:52:09Z,2018,2018-01-01,2018-12-31
28112411,MALARIA_RDT_POS,COUNTRY,LAO,YEAR,2019,,,,,,,,,5 794,5794,,,,2022-02-10T07:52:09Z,2019,2019-01-01,2019-12-31
28112412,MALARIA_RDT_POS,COUNTRY,LAO,YEAR,2020,,,,,,,,,3 201,3201,,,,2022-02-10T07:52:09Z,2020,2020-01-01,2020-12-31
28112413,MALARIA_RDT_POS,COUNTRY,MYS,YEAR,2015,,,,,,,,,48,48,,,,2022-02-10T07:52:09Z,2015,2015-01-01,2015-12-31
28112414,MALARIA_RDT_POS,COUNTRY,MYS,YEAR,2016,,,,,,,,,47,47,,,,2022-02-10T07:52:09Z,2016,2016-01-01,2016-12-31
28112415,MALARIA_RDT_POS,COUNTRY,MYS,YEAR,2017,,,,,,,,,60,60,,,,2022-02-10T07:52:09Z,2017,2017-01-01,2017-12-31
28112416,MALARIA_RDT_POS,COUNTRY,PHL,YEAR,2010,,,,,,,,,542,542,,,,2022-02-10T07:52:09Z,2010,2010-01-01,2010-12-31
28112417,MALARIA_RDT_POS,COUNTRY,PHL,YEAR,2011,,,,,,,,,31,31,,,,2022-02-10T07:52:09Z,2011,2011-01-01,2011-12-31
28112418,MALARIA_RDT_POS,COUNTRY,PHL,YEAR,2012,,,,,,,,,953,953,,,,2022-02-10T07:52:09Z,2012,2012-01-01,2012-12-31
28112419,MALARIA_RDT_POS,COUNTRY,PHL,YEAR,2013,,,,,,,,,1 894,1894,,,,2022-02-10T07:52:09Z,2013,2013-01-01,2013-12-31
28112420,MALARIA_RDT_POS,COUNTRY,PHL,YEAR,2014,,,,,,,,,2 469,2469,,,,2022-02-10T07:52:09Z,2014,2014-01-01,2014-12-31
28112421,MALARIA_RDT_POS,COUNTRY,PHL,YEAR,2015,,,,,,,,,5 716,5716,,,,2022-02-10T07:52:09Z,2015,2015-01-01,2015-12-31
28112422,MALARIA_RDT_POS,COUNTRY,PHL,YEAR,2016,,,,,,,,,3 820,3820,,,,2022-02-10T07:52:09Z,2016,2016-01-01,2016-12-31
28112423,MALARIA_RDT_POS,COUNTRY,PHL,YEAR,2017,,,,,,,,,5 917,5917,,,,2022-02-10T07:52:09Z,2017,2017-01-01,2017-12-31
28112424,MALARIA_RDT_POS,COUNTRY,PHL,YEAR,2018,,,,,,,,,4 072,4072,,,,2022-02-10T07:52:09Z,2018,2018-01-01,2018-12-31
28112425,MALARIA_RDT_POS,COUNTRY,PHL,YEAR,2019,,,,,,,,,4 408,4408,,,,2022-02-10T07:52:09Z,2019,2019-01-01,2019-12-31
28112426,MALARIA_RDT_POS,COUNTRY,PHL,YEAR,2020,,,,,,,,,4 891,4891,,,,2022-02-10T07:52:09Z,2020,2020-01-01,2020-12-31
28112427,MALARIA_RDT_POS,COUNTRY,PNG,YEAR,2010,,,,,,,,,17 971,17971,,,,2022-02-10T07:52:09Z,2010,2010-01-01,2010-12-31
28112428,MALARIA_RDT_POS,COUNTRY,PNG,YEAR,2011,,,,,,,,,13 457,13457,,,,2022-02-10T07:52:09Z,2011,2011-01-01,2011-12-31
28112429,MALARIA_RDT_POS,COUNTRY,PNG,YEAR,2012,,,,,,,,,82 993,82993,,,,2022-02-10T07:52:09Z,2012,2012-01-01,2012-12-31
28112430,MALARIA_RDT_POS,COUNTRY,PNG,YEAR,2013,,,,,,,,,245 467,245467,,,,2022-02-10T07:52:09Z,2013,2013-01-01,2013-12-31
28112431,MALARIA_RDT_POS,COUNTRY,PNG,YEAR,2014,,,,,,,,,245 918,245918,,,,2022-02-10T07:52:09Z,2014,2014-01-01,2014-12-31
28112432,MALARIA_RDT_POS,COUNTRY,PNG,YEAR,2015,,,,,,,,,281 712,281712,,,,2022-02-10T07:52:09Z,2015,2015-01-01,2015-12-31
28112433,MALARIA_RDT_POS,COUNTRY,PNG,YEAR,2016,,,,,,,,,454 347,454347,,,,2022-02-10T07:52:09Z,2016,2016-01-01,2016-12-31
28112434,MALARIA_RDT_POS,COUNTRY,PNG,YEAR,2017,,,,,,,,,418 429,418429,,,,2022-02-10T07:52:09Z,2017,2017-01-01,2017-12-31
28112435,MALARIA_RDT_POS,COUNTRY,PNG,YEAR,2018,,,,,,,,,456 597,456597,,,,2022-02-10T07:52:09Z,2018,2018-01-01,2018-12-31
28112436,MALARIA_RDT_POS,COUNTRY,PNG,YEAR,2019,,,,,,,,,606 964,606964,,,,2022-02-10T07:52:09Z,2019,2019-01-01,2019-12-31
28112437,MALARIA_RDT_POS,COUNTRY,PNG,YEAR,2020,,,,,,,,,723 329,723329,,,,2022-02-10T07:52:09Z,2020,2020-01-01,2020-12-31
28112438,MALARIA_RDT_POS,COUNTRY,SLB,YEAR,2010,,,,,,,,,4 331,4331,,,,2022-02-10T07:52:09Z,2010,2010-01-01,2010-12-31
28112439,MALARIA_RDT_POS,COUNTRY,SLB,YEAR,2011,,,,,,,,,3 455,3455,,,,2022-02-10T07:52:09Z,2011,2011-01-01,2011-12-31
28112440,MALARIA_RDT_POS,COUNTRY,SLB,YEAR,2012,,,,,,,,,2 479,2479,,,,2022-02-10T07:52:09Z,2012,2012-01-01,2012-12-31
28112441,MALARIA_RDT_POS,COUNTRY,SLB,YEAR,2013,,,,,,,,,4 069,4069,,,,2022-02-10T07:52:09Z,2013,2013-01-01,2013-12-31
28112442,MALARIA_RDT_POS,COUNTRY,SLB,YEAR,2014,,,,,,,,,4 539,4539,,,,2022-02-10T07:52:09Z,2014,2014-01-01,2014-12-31
28112443,MALARIA_RDT_POS,COUNTRY,SLB,YEAR,2015,,,,,,,,,9 205,9205,,,,2022-02-10T07:52:09Z,2015,2015-01-01,2015-12-31
28112444,MALARIA_RDT_POS,COUNTRY,SLB,YEAR,2016,,,,,,,,,28 245,28245,,,,2022-02-10T07:52:09Z,2016,2016-01-01,2016-12-31
28112445,MALARIA_RDT_POS,COUNTRY,SLB,YEAR,2017,,,,,,,,,36 541,36541,,,,2022-02-10T07:52:09Z,2017,2017-01-01,2017-12-31
28112446,MALARIA_RDT_POS,COUNTRY,SLB,YEAR,2018,,,,,,,,,41 366,41366,,,,2022-02-10T07:52:09Z,2018,2018-01-01,2018-12-31
28112447,MALARIA_RDT_POS,COUNTRY,SLB,YEAR,2019,,,,,,,,,54 528,54528,,,,2022-02-10T07:52:09Z,2019,2019-01-01,2019-12-31
28112448,MALARIA_RDT_POS,COUNTRY,SLB,YEAR,2020,,,,,,,,,58 016,58016,,,,2022-02-10T07:52:09Z,2020,2020-01-01,2020-12-31
28112449,MALARIA_RDT_POS,COUNTRY,VNM,YEAR,2017,,,,,,,,,1 594,1594,,,,2022-02-10T07:52:09Z,2017,2017-01-01,2017-12-31
28112450,MALARIA_RDT_POS,COUNTRY,VNM,YEAR,2018,,,,,,,,,1 848,1848,,,,2022-02-10T07:52:09Z,2018,2018-01-01,2018-12-31
28112451,MALARIA_RDT_POS,COUNTRY,VNM,YEAR,2019,,,,,,,,,3 243,3243,,,,2022-02-10T07:52:09Z,2019,2019-01-01,2019-12-31
28112452,MALARIA_RDT_POS,COUNTRY,VNM,YEAR,2020,,,,,,,,,1 168,1168,,,,2022-02-10T07:52:09Z,2020,2020-01-01,2020-12-31
28112453,MALARIA_RDT_POS,COUNTRY,VUT,YEAR,2010,,,,,,,,,5 804,5804,,,,2022-02-10T07:52:09Z,2010,2010-01-01,2010-12-31
28112454,MALARIA_RDT_POS,COUNTRY,VUT,YEAR,2011,,,,,,,,,4 102,4102,,,,2022-02-10T07:52:09Z,2011,2011-01-01,2011-12-31
28112455,MALARIA_RDT_POS,COUNTRY,VUT,YEAR,2012,,,,,,,,,3 799,3799,,,,2022-02-10T07:52:09Z,2012,2012-01-01,2012-12-31
28112456,MALARIA_RDT_POS,COUNTRY,VUT,YEAR,2013,,,,,,,,,2 116,2116,,,,2022-02-10T07:52:09Z,2013,2013-01-01,2013-12-31
28112457,MALARIA_RDT_POS,COUNTRY,VUT,YEAR,2014,,,,,,,,,1 124,1124,,,,2022-02-10T07:52:09Z,2014,2014-01-01,2014-12-31
28112458,MALARIA_RDT_POS,COUNTRY,VUT,YEAR,2015,,,,,,,,,556,556,,,,2022-02-10T07:52:09Z,2015,2015-01-01,2015-12-31
28112459,MALARIA_RDT_POS,COUNTRY,VUT,YEAR,2016,,,,,,,,,2 027,2027,,,,2022-02-10T07:52:09Z,2016,2016-01-01,2016-12-31
28112460,MALARIA_RDT_POS,COUNTRY,VUT,YEAR,2017,,,,,,,,,1 108,1108,,,,2022-02-10T07:52:09Z,2017,2017-01-01,2017-12-31
28112461,MALARIA_RDT_POS,COUNTRY,VUT,YEAR,2018,,,,,,,,,591,591,,,,2022-02-10T07:52:10Z,2018,2018-01-01,2018-12-31
28112462,MALARIA_RDT_POS,COUNTRY,VUT,YEAR,2019,,,,,,,,,550,550,,,,2022-02-10T07:52:10Z,2019,2019-01-01,2019-12-31
28112463,MALARIA_RDT_POS,COUNTRY,VUT,YEAR,2020,,,,,,,,,485,485,,,,2022-02-10T07:52:10Z,2020,2020-01-01,2020-12-31
